store,item,lead_time_days,target_service_level,expected_lead_time_demand,safety_stock,p95_lead_time_demand,on_hand,reorder_point,eoq,min_level,max_level,needs_reorder,suggested_order_qty
1,1,7,0.95,121.85063314313894,19.490245470023865,141.3408786131628,139.25786644930164,141.3408786131628,563.6328661792793,141.3408786131628,704.9737447924421,True,565.7158783431404
1,2,7,0.95,333.72985709846483,33.4408241669679,367.17068126543273,1668.6492854923242,367.17068126543273,932.781546317019,367.17068126543273,1299.9522275824518,False,0.0
1,3,7,0.95,201.203890850175,25.44606948477761,226.6499603349526,891.0458023364893,226.6499603349526,724.2701753209121,226.6499603349526,950.9201356558647,False,0.0
1,4,7,0.95,122.52352272233931,19.85111026077108,142.3746329831104,385.07392855592354,142.3746329831104,565.1869841897702,142.3746329831104,707.5616171728806,False,0.0
1,5,7,0.95,103.66864263438742,17.240941548532362,120.90958418291979,325.8157339937891,120.90958418291979,519.8836034671017,120.90958418291979,640.7931876500215,False,0.0
1,6,7,0.95,325.89170528651454,33.28316618921377,359.1748714757283,1815.6823580248667,359.1748714757283,921.7625679315913,359.1748714757283,1280.9374394073197,False,0.0
1,7,7,0.95,311.355909763294,33.74683764079509,345.1027474040891,355.8353254437646,345.1027474040891,900.9713292711306,345.1027474040891,1246.0740766752197,False,0.0
1,8,7,0.95,433.2477502124584,38.89150774430624,472.13925795676465,1980.5611438283813,472.13925795676465,1062.7976182414145,472.13925795676465,1534.936876198179,False,0.0
1,9,7,0.95,265.7428707274508,31.546468738696547,297.28933946614734,493.5224742081229,297.28933946614734,832.3638791140032,297.28933946614734,1129.6532185801507,False,0.0
1,10,7,0.95,418.72655701822396,38.58823761172175,457.3147946299457,478.5446365922559,457.3147946299457,1044.8348923280098,457.3147946299457,1502.1496869579555,False,0.0
1,11,7,0.95,392.5269247543638,37.054592153083036,429.5815169074468,1457.957149087637,429.5815169074468,1011.6193790698118,429.5815169074468,1441.2008959772586,False,0.0
1,12,7,0.95,386.1265776375147,36.65544353539775,422.78202117291244,2427.081345150092,422.78202117291244,1003.3380032873584,422.78202117291244,1426.120024460271,False,0.0
1,13,7,0.95,453.43864855114464,39.930097014105854,493.3687455652505,2202.4162929627028,493.3687455652505,1087.2807060380621,493.3687455652505,1580.6494516033126,False,0.0
1,14,7,0.95,325.2689810456891,33.315500841409744,358.58448188709883,1626.3449052284454,358.58448188709883,920.8814802043767,358.58448188709883,1279.4659620914754,False,0.0
1,15,7,0.95,501.90484655729244,42.68684752646584,544.5916940837583,2366.1228480558075,544.5916940837583,1143.913299016681,544.5916940837583,1688.5049931004394,False,0.0
1,16,7,0.95,139.24489220290928,21.402495789800497,160.64738799270978,716.1165884721049,160.64738799270978,602.520809682489,160.64738799270978,763.1681976751988,False,0.0
1,17,7,0.95,179.20535104630508,23.780765632448407,202.9861166787535,640.0191108796611,202.9861166787535,683.5305047634323,202.9861166787535,886.5166214421859,False,0.0
1,18,7,0.95,471.1032558386092,40.75997344177068,511.86322928037987,673.0046511980131,511.86322928037987,1108.2569595704663,511.86322928037987,1620.1201888508463,False,0.0
1,19,7,0.95,227.35442218244384,28.262433602370066,255.6168557848139,1234.2097204189809,255.6168557848139,769.8996414032156,255.6168557848139,1025.5164971880295,False,0.0
1,20,7,0.95,262.2416182453501,29.42505150882488,291.66666975417496,861.6510313775789,291.66666975417496,826.8623596790148,291.66666975417496,1118.5290294331899,False,0.0
1,21,7,0.95,223.97706542375803,27.163235785013597,251.14030120877163,799.9180907991358,251.14030120877163,764.1598041531425,251.14030120877163,1015.3001053619141,False,0.0
1,22,7,0.95,453.4615768292751,40.19444409713441,493.6560209264095,1230.8242799651753,493.6560209264095,1087.3081950482951,493.6560209264095,1580.9642159747045,False,0.0
1,23,7,0.95,168.66866725603145,23.217870690153376,191.88653794618483,289.1462867246254,191.88653794618483,663.1314432752889,191.88653794618483,855.0179812214737,False,0.0
1,24,7,0.95,351.3897035490996,36.7837235884781,388.1734271375777,2108.3382212945976,388.1734271375777,957.1432263154669,388.1734271375777,1345.3166534530446,False,0.0
1,25,7,0.95,446.6092670369942,38.51320297050313,485.1224700074973,2296.847659047399,485.1224700074973,1079.0617037451132,485.1224700074973,1564.1841737526106,False,0.0
1,26,7,0.95,262.655565372473,29.9970423013271,292.6526076738001,1125.6667087391702,292.6526076738001,827.51470147041,292.6526076738001,1120.16730914421,False,0.0
1,27,7,0.95,123.70153795623676,19.383716263525855,143.08525421976262,371.1046138687103,143.08525421976262,567.8975093273334,143.08525421976262,710.982763547096,False,0.0
1,28,7,0.95,497.67754052326643,43.23545711662507,540.9129976398915,2630.5812856229795,540.9129976398915,1139.0857934921578,540.9129976398915,1679.9987911320493,False,0.0
1,29,7,0.95,390.8860125594392,35.37922251187814,426.26523507131736,1451.8623323636314,426.26523507131736,1009.5026872680404,426.26523507131736,1435.7679223393577,False,0.0
1,30,7,0.95,226.80080558823636,27.338371048766902,254.13917663700326,712.8025318487428,254.13917663700326,768.9617027418311,254.13917663700326,1023.1008793788344,False,0.0
1,31,7,0.95,319.77278407236093,33.16200488833505,352.934788960696,1050.6820048091859,352.934788960696,913.0680861266267,352.934788960696,1266.0028750873225,False,0.0
1,32,7,0.95,242.20988918584985,29.11966351999874,271.3295527058486,484.4197783716997,271.3295527058486,794.6545051280156,271.3295527058486,1065.9840578338642,False,0.0
1,33,7,0.95,397.73586734316,36.03265255236403,433.76851989552404,454.55527696361145,433.76851989552404,1018.3094940013269,433.76851989552404,1452.078013896851,False,0.0
1,34,7,0.95,148.39532579443198,20.569666324752944,168.96499211918493,572.3819709213805,168.96499211918493,622.0030656502752,168.96499211918493,790.9680577694601,False,0.0
1,35,7,0.95,363.3288878181587,35.39892731906008,398.7278151372188,2076.165073246621,398.7278151372188,973.2678535063052,398.7278151372188,1371.995668643524,False,0.0
1,36,7,0.95,427.09466904451807,37.48669577603033,464.5813648205484,427.09466904451807,464.5813648205484,1055.2235856552902,464.5813648205484,1519.8049504758387,True,1092.7102814313207
1,37,7,0.95,157.4886981613307,23.33897278244075,180.82767094377144,877.4370326131282,180.82767094377144,640.777289307323,180.82767094377144,821.6049602510944,False,0.0
1,38,7,0.95,450.2168108118117,40.433382981536965,490.65019379334865,2444.034115835549,490.65019379334865,1083.41106809634,490.65019379334865,1574.0612618896885,False,0.0
1,39,7,0.95,239.44580801091288,28.934774370876397,268.3805823817893,547.3047040249437,268.3805823817893,790.1072256526018,268.3805823817893,1058.487808034391,False,0.0
1,40,7,0.95,164.89755537744915,22.14499445178018,187.04254982922933,706.7038087604964,187.04254982922933,655.6763558819514,187.04254982922933,842.7189057111807,False,0.0
1,41,7,0.95,125.57642712470847,19.41785936680681,144.99428649151528,197.33438548168476,144.99428649151528,572.1850094188978,144.99428649151528,717.1792959104131,False,0.0
1,42,7,0.95,193.7892791843992,24.876372439019235,218.66565162341843,968.9463959219959,218.66565162341843,710.7997854645633,218.66565162341843,929.4654370879817,False,0.0
1,43,7,0.95,287.4929903555406,30.51643835038533,318.0094287059259,1355.3240973904055,318.0094287059259,865.7570653965741,318.0094287059259,1183.7664941025,False,0.0
1,44,7,0.95,171.65375458348663,22.735012809971465,194.3887673934581,465.91733386946373,194.3887673934581,668.9737365278925,194.3887673934581,863.3625039213506,False,0.0
1,45,7,0.95,440.9607383386166,38.77988724869806,479.74062558731464,440.9607383386166,479.74062558731464,1072.21622783838,479.74062558731464,1551.9568534256946,True,1110.9961150870781
1,46,7,0.95,329.29948074914205,33.9757496437511,363.27523039289315,2022.8396674590156,363.27523039289315,926.5693655069639,363.27523039289315,1289.844595899857,False,0.0
1,47,7,0.95,124.09674124409526,19.092011539634854,143.1887527837301,390.0183296242994,143.1887527837301,568.803949115377,143.1887527837301,711.9927018991071,False,0.0
1,48,7,0.95,286.2023192021482,30.708070456998882,316.9103896591471,1635.4418240122754,316.9103896591471,863.8115142816752,316.9103896591471,1180.7219039408224,False,0.0
1,49,7,0.95,162.36430745533715,22.39100649576781,184.75531395110497,742.2368340815412,184.75531395110497,650.6204303871259,184.75531395110497,835.3757443382309,False,0.0
1,50,7,0.95,358.63562679547556,35.723469777035234,394.3590965725108,1844.4117949481601,394.3590965725108,966.9613811920183,394.3590965725108,1361.3204777645292,False,0.0
2,1,7,0.95,179.17766238943062,23.568149104025338,202.74581149345596,895.888311947153,202.74581149345596,683.477697264628,202.74581149345596,886.2235087580839,False,0.0
2,2,7,0.95,442.7373559696397,41.47190154036991,484.2092575100096,758.9783245193823,484.2092575100096,1074.3740201654919,484.2092575100096,1558.5832776755014,False,0.0
2,3,7,0.95,294.93887678030956,30.947269483480966,325.8861462637905,800.5483798322688,325.8861462637905,876.8966791427148,325.8861462637905,1202.7828254065053,False,0.0
2,4,7,0.95,170.9077250888702,23.513296774357798,194.421021863228,561.5539538634306,194.421021863228,667.5184302294455,194.421021863228,861.9394520926735,False,0.0
2,5,7,0.95,141.77923679274818,21.39770163925661,163.1769384320048,486.1002404322794,163.1769384320048,607.9792138678584,163.1769384320048,771.1561522998633,False,0.0
2,6,7,0.95,445.3166464251725,39.62828191969254,484.94492834486505,381.69998265014783,484.94492834486505,1077.4990087671542,484.94492834486505,1562.4439371120193,True,1180.7439544618715
2,7,7,0.95,461.8926322550081,41.77291233105717,503.66554458606527,1715.6012055186015,503.66554458606527,1097.3696172897064,503.66554458606527,1601.0351618757718,False,0.0
2,8,7,0.95,607.7213384871509,47.69718718944978,655.4185256766007,954.9906747655228,655.4185256766007,1258.7360115489157,655.4185256766007,1914.1545372255164,False,0.0
2,9,7,0.95,385.122893001724,37.68635290327006,422.80924590499404,1870.5969088655165,422.80924590499404,1002.0331329909394,422.80924590499404,1424.8423788959335,False,0.0
2,10,7,0.95,590.3448220583331,45.8043774352501,636.1491994935832,2698.7191865523796,636.1491994935832,1240.610045937342,636.1491994935832,1876.7592454309251,False,0.0
2,11,7,0.95,543.7664731026631,43.59568384239026,587.3621569450534,3184.9179138870263,587.3621569450534,1190.662368727328,587.3621569450534,1778.0245256723813,False,0.0
2,12,7,0.95,544.6544114983426,45.49995481230826,590.1543663106509,2645.4642844205214,590.1543663106509,1191.6341126995528,590.1543663106509,1781.7884790102037,False,0.0
2,13,7,0.95,649.7581837206284,49.02445169436885,698.7826354149972,1763.6293558131342,698.7826354149972,1301.5423187731365,698.7826354149972,2000.3249541881337,False,0.0
2,14,7,0.95,459.84547117501137,39.41153340438012,499.2570045793915,2824.765037217927,499.2570045793915,1094.935082807845,499.2570045793915,1594.1920873872364,False,0.0
2,15,7,0.95,689.6606249597352,51.47266959856552,741.1332945583007,2068.981874879206,741.1332945583007,1340.9115452618241,741.1332945583007,2082.0448398201247,False,0.0
2,16,7,0.95,202.2995863002657,25.520019746763495,227.8196060470292,520.1989362006832,227.8196060470292,726.2395757776443,227.8196060470292,954.0591818246735,False,0.0
2,17,7,0.95,254.34867395713582,29.875773477616292,284.2244474347521,1489.7565188917954,284.2244474347521,814.3238474532745,284.2244474347521,1098.5482948880267,False,0.0
2,18,7,0.95,661.1197557047087,49.76656359216429,710.886319296873,1794.467908341352,710.886319296873,1312.8722896007675,710.886319296873,2023.7586088976404,False,0.0
2,19,7,0.95,321.7182455426983,32.21196737711216,353.93021291981046,367.6779949059409,353.93021291981046,915.8413759375461,353.93021291981046,1269.7715888573566,False,0.0
2,20,7,0.95,373.52616697473616,35.13192420835202,408.6580911830882,1227.3002629169903,408.6580911830882,986.83133218607,408.6580911830882,1395.4894233691582,False,0.0
2,21,7,0.95,314.48521640992783,33.92888700417495,348.4141034141028,1617.3525415367717,348.4141034141028,905.4876507386332,348.4141034141028,1253.901754152736,False,0.0
2,22,7,0.95,615.2537319749936,46.89083701850063,662.1445689934942,1054.7206833857033,662.1445689934942,1266.5126815982105,662.1445689934942,1928.6572505917047,False,0.0
2,23,7,0.95,233.79821152095207,28.338122116170723,262.1363336371228,768.1941235688424,262.1363336371228,780.7338452889211,262.1363336371228,1042.870178926044,False,0.0
2,24,7,0.95,516.9586652153943,42.70473815006869,559.663403365463,738.5123788791348,559.663403365463,1160.9414677124857,559.663403365463,1720.6048710779487,False,0.0
2,25,7,0.95,620.4009466196294,47.60433139084182,668.0052780104712,2836.118613118306,668.0052780104712,1271.7994718288076,668.0052780104712,1939.8047498392789,False,0.0
2,26,7,0.95,382.98190616502046,35.045845636867625,418.0277518018881,1313.080821137213,418.0277518018881,999.2439847570207,418.0277518018881,1417.2717365589087,False,0.0
2,27,7,0.95,176.6904749982924,24.16466251220467,200.85513751049706,454.3469357098947,200.85513751049706,678.7174005556191,200.85513751049706,879.5725380661161,False,0.0
2,28,7,0.95,678.2679977851376,49.90102691376467,728.1690246989023,1356.5359955702752,728.1690246989023,1329.790045704249,728.1690246989023,2057.959070403151,False,0.0
2,29,7,0.95,546.992502227425,42.81809375909165,589.8105959865167,2109.828222877211,589.8105959865167,1194.189095199303,589.8105959865167,1783.9996911858198,False,0.0
2,30,7,0.95,322.85491079848737,33.77732917793867,356.63223997642604,1429.7860335361584,356.63223997642604,917.4578325905615,356.63223997642604,1274.0900725669876,False,0.0
2,31,7,0.95,453.7591415855933,41.544958541247524,495.3041001268408,2722.55484951356,495.3041001268408,1087.664886280767,495.3041001268408,1582.9689864076076,False,0.0
2,32,7,0.95,350.1140301623557,35.88913228601814,386.0031624483738,1100.3583805102608,386.0031624483738,955.404256282797,386.0031624483738,1341.4074187311708,False,0.0
2,33,7,0.95,526.0519148531828,45.56615083025838,571.6180656834412,826.6530090550016,571.6180656834412,1171.107378636049,571.6180656834412,1742.7254443194902,False,0.0
2,34,7,0.95,208.6583496221329,25.636215303000398,234.2945649251333,1132.7167550915785,234.2945649251333,737.5649976785509,234.2945649251333,971.8595626036841,False,0.0
2,35,7,0.95,523.6925088208837,42.39397143807946,566.0864802589632,2244.396466375216,566.0864802589632,1168.478148581132,566.0864802589632,1734.5646288400953,False,0.0
2,36,7,0.95,605.3325343155624,47.72028191803622,653.0528162335986,2853.7105189162226,653.0528162335986,1256.259683758498,653.0528162335986,1909.3124999920967,False,0.0
2,37,7,0.95,237.67685562696158,27.15577139218192,264.8326270191435,271.630692145099,264.8326270191435,787.1832800917504,264.8326270191435,1052.0159071108937,False,0.0
2,38,7,0.95,636.9328295571012,48.32587080050803,685.2587003576092,1546.8368717815313,685.2587003576092,1288.632948926724,685.2587003576092,1973.8916492843332,False,0.0
2,39,7,0.95,332.3875225057765,33.65401824348305,366.0415407492595,1661.9376125288823,366.0415407492595,930.9037303096093,366.0415407492595,1296.945271058869,False,0.0
2,40,7,0.95,238.1866015049534,27.479269596469408,265.6658711014228,1293.0129795983182,265.6658711014228,788.0269645010704,265.6658711014228,1053.6928356024932,False,0.0
2,41,7,0.95,175.76537880024551,22.92679819529843,198.69217699554395,552.405476229343,198.69217699554395,676.9382925142207,198.69217699554395,875.6304695097647,False,0.0
2,42,7,0.95,288.5065374164162,30.93622163234909,319.4427590487653,1524.9631263439142,319.4427590487653,867.28182170747,319.4427590487653,1186.7245807562354,False,0.0
2,43,7,0.95,410.29922335790883,37.73299368966656,448.0322170475754,2227.3386410857906,448.0322170475754,1034.2672234334964,448.0322170475754,1482.2994404810718,False,0.0
2,44,7,0.95,230.08079119604216,27.167725302217633,257.2485164982598,657.373689131549,257.2485164982598,774.502092529477,257.2485164982598,1031.7506090277368,False,0.0
2,45,7,0.95,636.1156313816351,48.946519407966775,685.0621507896019,3634.946465037915,685.0621507896019,1287.806012050553,685.0621507896019,1972.8681628401548,False,0.0
2,46,7,0.95,459.3724489246393,40.98197667311808,500.35442559775737,1049.994168970604,500.35442559775737,1094.3717827969137,500.35442559775737,1594.7262083946712,False,0.0
2,47,7,0.95,172.24736082172083,23.1512895053813,195.39865032710213,344.49472164344166,195.39865032710213,670.129447515969,195.39865032710213,865.5280978430711,False,0.0
2,48,7,0.95,405.1808209231981,36.98748313993292,442.168304063131,1852.2551813631912,442.168304063131,1027.7958372756698,442.168304063131,1469.9641413388008,False,0.0
2,49,7,0.95,231.1179054590296,27.397963001544213,258.5158684605738,990.5053091101269,258.5158684605738,776.2457061880131,258.5158684605738,1034.761574648587,False,0.0
2,50,7,0.95,515.3421888701876,44.92667732000723,560.2688661901948,736.2031269574107,560.2688661901948,1159.1249745809444,560.2688661901948,1719.3938407711391,False,0.0
3,1,7,0.95,152.7815765857785,21.72745427288882,174.50903085866733,829.3857014656548,174.50903085866733,631.1286684176507,174.50903085866733,805.637699276318,False,0.0
3,2,7,0.95,406.575789101031,38.382878814634125,444.9586679156651,696.9870670303388,444.9586679156651,1029.563579601558,444.9586679156651,1474.5222475172231,False,0.0
3,3,7,0.95,257.0004140706801,28.999515868668766,285.9999299393489,1358.4307600878806,285.9999299393489,818.557752285769,285.9999299393489,1104.5576822251178,False,0.0
3,4,7,0.95,153.7591461055387,21.387129015722962,175.14627512126165,109.8279615039562,175.14627512126165,633.1445802417013,175.14627512126165,808.2908553629629,True,698.4628938590067
3,5,7,0.95,131.82552483542565,20.219680090479955,152.0452049259056,677.9598420107604,152.0452049259056,586.2490728894915,152.0452049259056,738.2942778153971,False,0.0
3,6,7,0.95,396.02444038403826,37.02518400585092,433.0496243898892,2036.697121975054,433.0496243898892,1016.116278287698,433.0496243898892,1449.1659026775872,False,0.0
3,7,7,0.95,407.0974863298873,36.7474965166104,443.8449828464977,2093.644215410849,443.8449828464977,1030.2239094710324,443.8449828464977,1474.06889231753,False,0.0
3,8,7,0.95,534.3787068551011,43.679519596758155,578.0582264518592,2366.5342732154477,578.0582264518592,1180.3396242550334,578.0582264518592,1758.3978507068928,False,0.0
3,9,7,0.95,349.4055195529149,34.80220004595691,384.2077195988718,1148.0467071024345,384.2077195988718,954.4370615963479,384.2077195988718,1338.6447811952198,False,0.0
3,10,7,0.95,495.02452178349404,43.05671576386874,538.0812375473628,2333.6870312650435,538.0812375473628,1136.0456179566008,538.0812375473628,1674.1268555039637,False,0.0
3,11,7,0.95,493.9419185122572,42.87325468570123,536.8151731979584,1129.0100994565878,536.8151731979584,1134.8026897627053,536.8151731979584,1671.6178629606638,False,0.0
3,12,7,0.95,468.5011866174523,41.04830290937349,509.54948952682577,2409.434674032612,509.54948952682577,1105.1920748234868,509.54948952682577,1614.7415643503125,False,0.0
3,13,7,0.95,600.2816666477671,47.187416551998695,647.4690831997658,2315.3721427842443,647.4690831997658,1251.0076176724647,647.4690831997658,1898.4767008722306,False,0.0
3,14,7,0.95,418.4385530332114,36.612442249788614,455.050995283,1374.8695313948376,455.050995283,1044.4755069860325,455.050995283,1499.5265022690326,False,0.0
3,15,7,0.95,607.0137015344505,46.406323686221185,653.4200252206717,2167.906076908752,653.4200252206717,1258.0029555384156,653.4200252206717,1911.4229807590873,False,0.0
3,16,7,0.95,183.7826004253889,23.48044398848708,207.26304441387597,708.8757444979285,207.26304441387597,692.204806373224,207.26304441387597,899.4678507870999,False,0.0
3,17,7,0.95,230.5603710282014,27.225686707603785,257.7860577358052,197.62317516702973,257.7860577358052,775.3088574667403,257.7860577358052,1033.0949152025455,True,835.4717400355157
3,18,7,0.95,568.6306079111674,46.613649141229985,615.2442570523974,812.3294398730964,615.2442570523974,1217.5800703725406,615.2442570523974,1832.824327424938,False,0.0
3,19,7,0.95,279.40694515332973,31.028084155832914,310.43502930916264,558.8138903066595,310.43502930916264,853.495062254381,310.43502930916264,1163.9300915635436,False,0.0
3,20,7,0.95,344.73689101403414,34.86938829489833,379.60627930893247,443.2331455894725,379.60627930893247,948.0391990845498,379.60627930893247,1327.6454783934823,False,0.0
3,21,7,0.95,291.5909045944295,30.902987157557504,322.493891751987,916.4285572967784,322.493891751987,871.9054674224673,322.493891751987,1194.3993591744543,False,0.0
3,22,7,0.95,549.9411206588948,45.319686880034965,595.2608075389297,2435.4535343465336,595.2608075389297,1197.4034677480167,595.2608075389297,1792.6642752869466,False,0.0
3,23,7,0.95,207.07527042072923,24.91873223047162,231.99400265120084,917.0476261489438,231.99400265120084,734.7617383671592,231.99400265120084,966.75574101836,False,0.0
3,24,7,0.95,465.78372928614783,40.30767777364963,506.09140705979746,1530.4322533687716,506.09140705979746,1101.9821789764762,506.09140705979746,1608.0735860362738,False,0.0
3,25,7,0.95,578.336102337196,45.38026047912706,623.7163628163231,3222.1582844500927,623.7163628163231,1227.9270492322667,623.7163628163231,1851.6434120485897,False,0.0
3,26,7,0.95,322.7452192243346,34.689655262007705,357.4348744863423,1244.8744170081477,357.4348744863423,917.3019639015985,357.4348744863423,1274.7368383879407,False,0.0
3,27,7,0.95,150.3188068814435,22.371048923949274,172.68985580539277,171.79292215022113,172.68985580539277,626.0212485652479,172.68985580539277,798.7111043706407,True,626.9181822204196
3,28,7,0.95,608.2569328262166,46.26852191528906,654.5254547415057,3041.284664131083,654.5254547415057,1259.2905612786483,654.5254547415057,1913.816016020154,False,0.0
3,29,7,0.95,484.7859958851382,42.02213668359656,526.8081325687348,1869.8888412712477,526.8081325687348,1124.2358944700284,526.8081325687348,1651.044027038763,False,0.0
3,30,7,0.95,289.5095256262014,30.27363409372731,319.78315971992873,1240.7551098265774,319.78315971992873,868.7880592015339,319.78315971992873,1188.5712189214626,False,0.0
3,31,7,0.95,410.76107063579684,39.26025111262334,450.0213217484202,1584.3641295952164,450.0213217484202,1034.849163550162,450.0213217484202,1484.8704852985823,False,0.0
3,32,7,0.95,313.2132093488898,32.65606424063117,345.86927358952096,1208.1080932028606,345.86927358952096,903.6545697979668,345.86927358952096,1249.523843387488,False,0.0
3,33,7,0.95,476.6901453751452,40.316888847244286,517.0070342223895,544.7887375715945,517.0070342223895,1114.8090901967028,517.0070342223895,1631.8161244190924,False,0.0
3,34,7,0.95,188.7187272958007,23.50127505606841,212.2200023518691,727.9150909980884,212.2200023518691,701.4390079531773,212.2200023518691,913.6590103050464,False,0.0
3,35,7,0.95,458.8497699546102,39.44829331934858,498.2980632739588,2359.7988169094237,498.2980632739588,1093.749011537293,498.2980632739588,1592.0470748112518,False,0.0
3,36,7,0.95,550.0216016706675,44.00868304667108,594.0302847173385,1335.766746914478,594.0302847173385,1197.4910814156215,594.0302847173385,1791.5213661329599,False,0.0
3,37,7,0.95,205.1665106205861,25.9161642947048,231.0826749152909,849.975543999571,231.0826749152909,731.3674881271284,231.0826749152909,962.4501630424193,False,0.0
3,38,7,0.95,563.0321762551622,46.78914369168831,609.8213199468505,482.5990082187105,609.8213199468505,1211.5714245001177,609.8213199468505,1821.3927444469682,True,1338.7937362282578
3,39,7,0.95,312.1746339899268,32.98383554710324,345.15846953703004,802.7347731169547,345.15846953703004,902.1551236832962,345.15846953703004,1247.3135932203263,False,0.0
3,40,7,0.95,213.25527860152852,26.584337021727322,239.83961562325584,670.2308756048039,239.83961562325584,745.6453422063233,239.83961562325584,985.4849578295791,False,0.0
3,41,7,0.95,154.53417660428113,21.317982748739695,175.85215935302082,971.3576815126243,175.85215935302082,634.738272611873,175.85215935302082,810.5904319648938,False,0.0
3,42,7,0.95,250.84344395757327,29.07096123009697,279.91440518767024,465.85211020692185,279.91440518767024,808.6932008958044,279.91440518767024,1088.6076060834746,False,0.0
3,43,7,0.95,347.42263840819766,34.4275365833152,381.85017499151286,794.108887790166,381.85017499151286,951.7249866088722,381.85017499151286,1333.575161600385,False,0.0
3,44,7,0.95,204.8504250536609,25.599279274043113,230.449704327704,614.5512751609828,230.449704327704,730.8038878258176,230.449704327704,961.2535921535216,False,0.0
3,45,7,0.95,573.0842274951642,43.9802718008699,617.0644992960341,3602.2437156838896,617.0644992960341,1222.3389260983427,617.0644992960341,1839.4034253943769,False,0.0
3,46,7,0.95,427.0727847074933,37.71341554396798,464.7862002514613,2379.4055147988915,464.7862002514613,1055.1965504730626,464.7862002514613,1519.982750724524,False,0.0
3,47,7,0.95,149.86206674823325,21.422117665933854,171.2841844141671,128.4532000699142,171.2841844141671,625.0694496448554,171.2841844141671,796.3536340590224,True,667.9004339891083
3,48,7,0.95,357.2200942977991,35.298801900434455,392.51889619823356,714.4401885955982,392.51889619823356,965.0511993031275,392.51889619823356,1357.570095501361,False,0.0
3,49,7,0.95,211.58194462815925,26.779843254392546,238.3617878825518,1118.3617073202704,238.3617878825518,742.714181659204,238.3617878825518,981.0759695417557,False,0.0
3,50,7,0.95,471.4776408155201,40.218537925443,511.6961787409631,471.47764081552003,511.6961787409631,1108.6972371007103,511.6961787409631,1620.3934158416732,True,1148.9157750261531
4,1,7,0.95,140.84252502197532,21.111524696284988,161.9540497182603,784.6940679795769,161.9540497182603,605.9674769267796,161.9540497182603,767.9215266450399,False,0.0
4,2,7,0.95,372.5371417525225,36.683142396584174,409.22028414910665,851.5134668629086,409.22028414910665,985.5239967349883,409.22028414910665,1394.744280884095,False,0.0
4,3,7,0.95,242.9493491970757,28.43664819253442,271.3859973896101,1422.9890452971576,271.3859973896101,795.8666096819627,271.3859973896101,1067.2526070715728,False,0.0
4,4,7,0.95,142.43177583246484,21.12093807966079,163.55271391212563,325.55834475991963,163.55271391212563,609.3767200933945,163.55271391212563,772.9294340055201,False,0.0
4,5,7,0.95,117.16074891386742,19.30095611848938,136.4617050323568,368.21949658644047,136.4617050323568,552.6796627959973,136.4617050323568,689.1413678283541,False,0.0
4,6,7,0.95,362.9189690874393,34.81364430716923,397.7326133946085,1607.212577387231,397.7326133946085,972.7186633235566,397.7326133946085,1370.451276718165,False,0.0
4,7,7,0.95,375.74573071553084,36.609572936885456,412.3553036524163,536.7796153079012,412.3553036524163,989.7589595133351,412.3553036524163,1402.1142631657513,False,0.0
4,8,7,0.95,496.8648249598088,40.95975204292728,537.8245770027361,1916.4786105592623,537.8245770027361,1138.1553406101916,537.8245770027361,1675.9799176129277,False,0.0
4,9,7,0.95,324.6620803208266,33.271353056104886,357.9334333769315,1159.5074297172378,357.9334333769315,920.0219691363808,357.9334333769315,1277.9554025133123,False,0.0
4,10,7,0.95,466.5533332890959,41.20003959340198,507.7533728824979,2399.417142629636,507.7533728824979,1102.8921934445166,507.7533728824979,1610.6455663270144,False,0.0
4,11,7,0.95,453.32323037335334,40.72073633632368,494.043966709677,2849.4603052039356,494.043966709677,1087.1423191306712,494.043966709677,1581.1862858403483,False,0.0
4,12,7,0.95,447.9420179220272,40.80934468237314,488.75136260440036,1983.7432222261207,488.75136260440036,1080.670547595136,488.75136260440036,1569.4219101995363,False,0.0
4,13,7,0.95,530.2347584205642,42.98953273198424,573.2242911525484,1590.7042752616926,573.2242911525484,1175.7541252426215,573.2242911525484,1748.97841639517,False,0.0
4,14,7,0.95,385.0479923705234,35.71425518209742,420.7622475526208,1155.1439771115702,420.7622475526208,1001.9356880389117,420.7622475526208,1422.6979355915325,False,0.0
4,15,7,0.95,566.2800224164025,44.06846707559498,610.3484894919975,1698.8400672492076,610.3484894919975,1215.0608690866563,610.3484894919975,1825.4093585786538,False,0.0
4,16,7,0.95,161.24139583281996,22.690768794443244,183.9321646272632,852.2759494020484,183.9321646272632,648.3666813010063,183.9321646272632,832.2988459282695,False,0.0
4,17,7,0.95,208.1530947708655,26.38072913580669,234.53382390667218,505.5146587292448,234.53382390667218,736.6714696688356,234.53382390667218,971.2052935755078,False,0.0
4,18,7,0.95,554.9494185101456,45.03027981178093,599.9796983219265,872.0633719445145,599.9796983219265,1202.843469676877,599.9796983219265,1802.8231679988035,False,0.0
4,19,7,0.95,266.52589331685215,29.327046907748354,295.8529402246005,685.352297100477,295.8529402246005,833.5892747658467,295.8529402246005,1129.4422149904472,False,0.0
4,20,7,0.95,311.38547217528543,31.584855582466332,342.97032775775176,222.41819441091818,342.97032775775176,901.0141006664942,342.97032775775176,1243.9844284242458,True,1021.5662340133276
4,21,7,0.95,261.7602231216436,29.763713499276946,291.52393662092055,336.5488582992561,291.52393662092055,826.1030783114863,291.52393662092055,1117.6270149324068,False,0.0
4,22,7,0.95,518.9344974512204,42.049716538685516,560.9842139899059,593.067997087109,560.9842139899059,1163.1579292404654,560.9842139899059,1724.1421432303714,False,0.0
4,23,7,0.95,185.02799922650155,24.518993721222273,209.54699294772382,925.1399961325077,209.54699294772382,694.5462018863883,209.54699294772382,904.0931948341122,False,0.0
4,24,7,0.95,430.3369940574096,39.32894255065008,469.66593660805967,2028.7315434135023,469.66593660805967,1059.2214217155465,469.66593660805967,1528.8873583236061,False,0.0
4,25,7,0.95,516.7863160625861,42.446679540167,559.2329956027531,2362.4517305718223,559.2329956027531,1160.7479281014212,559.2329956027531,1719.9809237041743,False,0.0
4,26,7,0.95,308.90676596207453,30.895137112904763,339.8019030749793,1014.9793738753876,339.8019030749793,897.4207866999309,339.8019030749793,1237.2226897749101,False,0.0
4,27,7,0.95,144.75299642857453,20.8870715518473,165.64006798042183,682.40698316328,165.64006798042183,614.3221798769629,165.64006798042183,779.9622478573847,False,0.0
4,28,7,0.95,561.2795383333877,46.74368224427451,608.0232205776622,882.0107030953235,608.0232205776622,1209.684231205124,608.0232205776622,1817.7074517827862,False,0.0
4,29,7,0.95,447.2877521321835,41.51247682004549,488.800228952229,2619.8282624885037,488.800228952229,1079.8810434760428,488.800228952229,1568.6812724282718,False,0.0
4,30,7,0.95,264.3763864032469,29.522610721095873,293.89899712434277,944.201380011596,293.89899712434277,830.2210593621828,293.89899712434277,1124.1200564865255,False,0.0
4,31,7,0.95,379.01338538293345,35.566278238407335,414.5796636213408,2274.080312297601,414.5796636213408,994.0533388418592,414.5796636213408,1408.6330024632,False,0.0
4,32,7,0.95,276.428739096697,31.412798309104005,307.841537405801,434.3880185805238,307.841537405801,848.9341627269808,307.841537405801,1156.7757001327818,False,0.0
4,33,7,0.95,444.75124091382173,39.18804587037039,483.9392867841921,1524.8613974188174,483.9392867841921,1076.8147570282886,483.9392867841921,1560.7540438124806,False,0.0
4,34,7,0.95,166.8496711202174,24.31034667491633,191.16001779513374,762.7413536924224,191.16001779513374,659.5460016387862,191.16001779513374,850.7060194339199,False,0.0
4,35,7,0.95,415.18044871316823,38.19809204366368,453.3785407568319,1423.475824159434,453.3785407568319,1040.4012405259343,453.3785407568319,1493.7797812827662,False,0.0
4,36,7,0.95,505.10456361530703,43.40627725091622,548.5108408662232,1587.4714856481078,548.5108408662232,1147.5538136139444,548.5108408662232,1696.0646544801675,False,0.0
4,37,7,0.95,187.32277755246233,24.55188673006458,211.8746642825269,294.36436472529795,211.8746642825269,698.8399255023016,211.8746642825269,910.7145897848286,False,0.0
4,38,7,0.95,519.7507754196603,41.32606234076377,561.076837760424,1485.0022154847438,561.076837760424,1164.0723867654574,561.076837760424,1725.1492245258814,False,0.0
4,39,7,0.95,281.0384628697059,31.16145390225796,312.19991677196384,562.0769257394118,312.19991677196384,855.9833065271553,312.19991677196384,1168.1832232991192,False,0.0
4,40,7,0.95,188.90346529718136,25.295391264852412,214.19885656203377,458.765558578869,214.19885656203377,701.7822455997871,214.19885656203377,915.9811021618209,False,0.0
4,41,7,0.95,146.78825552913128,21.28077362518016,168.06902915431144,671.0320252760287,168.06902915431144,618.6258577809652,168.06902915431144,786.6948869352767,False,0.0
4,42,7,0.95,239.06740960430818,27.575835027169944,266.6432446314781,1024.5746125898922,266.6432446314781,789.482671960264,266.6432446314781,1056.1259165917422,False,0.0
4,43,7,0.95,339.9252476842405,34.21797515497525,374.14322283921575,1408.261740406139,374.14322283921575,941.3998520620684,374.14322283921575,1315.5430749012842,False,0.0
4,44,7,0.95,188.82543974870538,24.664449930579195,213.48988967928457,512.5261936036288,213.48988967928457,701.6372969616824,213.48988967928457,915.127186640967,False,0.0
4,45,7,0.95,516.6151510049715,43.280214737219126,559.8953657421906,3173.4930704591106,559.8953657421906,1160.5556862272445,559.8953657421906,1720.451051969435,False,0.0
4,46,7,0.95,382.7559097851259,36.71278078044617,419.46869056557205,437.4353254687153,419.46869056557205,998.9491159340934,419.46869056557205,1418.4178064996654,False,0.0
4,47,7,0.95,145.49188705282077,20.997461340435706,166.48934839325648,374.12199527868194,166.48934839325648,615.8880856957675,166.48934839325648,782.377434089024,False,0.0
4,48,7,0.95,338.4986705092275,33.40860000761063,371.90727051683814,435.2125763690068,371.90727051683814,939.4223709122996,371.90727051683814,1311.3296414291376,False,0.0
4,49,7,0.95,189.67560696521915,24.547968482708768,214.2235754479279,487.73727505342066,214.2235754479279,703.2150480995177,214.2235754479279,917.4386235474457,False,0.0
4,50,7,0.95,427.3453670648282,38.41413797291597,465.7595050377442,2625.1215405410876,465.7595050377442,1055.5332402516556,465.7595050377442,1521.2927452893998,False,0.0
5,1,7,0.95,103.10377314451313,18.001407862447834,121.10518100696096,279.85309853510705,121.10518100696096,518.4652984512994,121.10518100696096,639.5704794582604,False,0.0
5,2,7,0.95,276.36409717651736,29.430016836322864,305.7941140128402,1618.7039977481732,305.7941140128402,848.8348967405215,305.7941140128402,1154.6290107533616,False,0.0
5,3,7,0.95,173.22496269826362,22.975435427346724,196.20039812561035,593.9141578226181,196.20039812561035,672.0284400065341,196.20039812561035,868.2288381321445,False,0.0
5,4,7,0.95,93.29857438406975,17.8174743503115,111.11604873438125,426.5077686128903,111.11604873438125,493.1964231287966,111.11604873438125,604.3124718631778,False,0.0
5,5,7,0.95,84.00079872768073,16.44314596054255,100.44394468822328,276.002624390951,100.44394468822328,467.976583171816,100.44394468822328,568.4205278600393,False,0.0
5,6,7,0.95,270.1961764347771,31.437527862758202,301.6337042975353,578.9918066459509,301.6337042975353,839.3092585091864,301.6337042975353,1140.9429628067217,False,0.0
5,7,7,0.95,276.0259920175588,29.437240169197253,305.46323218675604,1380.129960087794,305.46323218675604,848.3155034975782,305.46323218675604,1153.7787356843342,False,0.0
5,8,7,0.95,354.8717576277581,35.831247036207,390.7030046639651,2179.9265111419422,390.7030046639651,961.873883677554,390.7030046639651,1352.576888341519,False,0.0
5,9,7,0.95,232.82711997106787,28.190014459688484,261.01713443075636,498.9152570808597,261.01713443075636,779.110751293879,261.01713443075636,1040.1278857246355,False,0.0
5,10,7,0.95,351.14821573904277,32.77616442749547,383.92438016653824,1805.905109515077,383.92438016653824,956.8142779361647,383.92438016653824,1340.7386581027029,False,0.0
5,11,7,0.95,332.8928140647707,33.6850120123558,366.5778260771265,713.3417444245085,366.5778260771265,931.6110359925714,366.5778260771265,1298.1888620696977,False,0.0
5,12,7,0.95,316.9965228773188,32.675717405253295,349.6722402825721,1494.4121792787885,349.6722402825721,909.0958257294574,349.6722402825721,1258.7680660120295,False,0.0
5,13,7,0.95,392.60016011782835,37.24568273251481,429.84584285034316,2019.0865377488315,429.84584285034316,1011.7137456634352,429.84584285034316,1441.5595885137784,False,0.0
5,14,7,0.95,280.83668979575003,30.851558375911566,311.6882481716616,882.6295965009288,311.6882481716616,855.6759724478853,311.6882481716616,1167.3642206195468,False,0.0
5,15,7,0.95,415.9432671200944,38.05155608162863,453.994823201723,2020.2958688690298,453.994823201723,1041.3565757457038,453.994823201723,1495.3513989474268,False,0.0
5,16,7,0.95,121.54595767901051,18.820567296677126,140.36652497568764,260.4556235978797,140.36652497568764,562.9277710127831,140.36652497568764,703.2942959884707,False,0.0
5,17,7,0.95,153.55838849938112,22.833733020570065,176.3921215199512,175.49530114214986,176.3921215199512,632.7311085528586,176.3921215199512,809.1232300728097,True,633.6279289306599
5,18,7,0.95,396.84501051879647,36.840644907722606,433.6856554265191,453.53715487862456,433.6856554265191,1017.1684396238719,433.6856554265191,1450.854095050391,False,0.0
5,19,7,0.95,189.25891456732032,24.43119637610215,213.69011094342247,594.8137314972925,213.69011094342247,702.4421878452343,213.69011094342247,916.1322987886568,False,0.0
5,20,7,0.95,213.20956632973076,26.186020586606872,239.39558691633763,1248.7988885027087,239.39558691633763,745.5654216305123,239.39558691633763,984.9610085468499,False,0.0
5,21,7,0.95,173.8799677310485,24.71333649649023,198.59330422753874,248.3999539014979,198.59330422753874,673.2977913748371,198.59330422753874,871.8910956023758,False,0.0
5,22,7,0.95,376.9505089035947,35.60180672571096,412.55231562930567,1238.551672111811,412.55231562930567,991.3444541552507,412.55231562930567,1403.8967697845565,False,0.0
5,23,7,0.95,137.33035053796334,20.875493683053577,158.20584422101692,647.41450967897,158.20584422101692,598.3643058154254,158.20584422101692,756.5701500364423,False,0.0
5,24,7,0.95,302.57017921715675,32.26650897975179,334.83668819690854,561.9160471175769,334.83668819690854,888.1687235713969,334.83668819690854,1223.0054117683053,False,0.0
5,25,7,0.95,389.2668569161184,35.8479783661715,425.1148352822899,1835.1151826045582,425.1148352822899,1007.4097009317057,425.1148352822899,1432.5245362139956,False,0.0
5,26,7,0.95,221.88200127996151,27.277661993007285,249.1596632729688,538.8562888227636,249.1596632729688,760.5774613841866,249.1596632729688,1009.7371246571554,False,0.0
5,27,7,0.95,100.9113024001276,17.66997288733306,118.58127528746066,533.3883126863888,118.58127528746066,512.9231728606883,118.58127528746066,631.504448148149,False,0.0
5,28,7,0.95,418.6349836498419,36.330268855738495,454.9652525055804,1674.5399345993676,454.9652525055804,1044.7206360423834,454.9652525055804,1499.6858885479637,False,0.0
5,29,7,0.95,318.9136849373415,33.07165949721326,351.98534443455475,1184.5365440529827,351.98534443455475,911.8407403321578,351.98534443455475,1263.8260847667125,False,0.0
5,30,7,0.95,194.29455227797007,24.98644788607126,219.28100016404133,333.076375333663,219.28100016404133,711.7258279374714,219.28100016404133,931.0068281015127,False,0.0
5,31,7,0.95,273.20258817719633,29.889308759709536,303.09189693690587,897.6656468679307,303.09189693690587,843.9657435696777,303.09189693690587,1147.0576405065835,False,0.0
5,32,7,0.95,209.32961840234287,25.37422721420674,234.70384561654961,1166.265016813053,234.70384561654961,738.7504446063692,234.70384561654961,973.4542902229189,False,0.0
5,33,7,0.95,326.01655811195167,33.80486890980126,359.8214270217529,232.86897007996546,359.8214270217529,921.9391198945156,359.8214270217529,1281.7605469162686,True,1048.891576836303
5,34,7,0.95,114.56588160667982,19.410936003904936,133.97681761058476,572.8294080333992,133.97681761058476,546.5250405087854,133.97681761058476,680.5018581193701,False,0.0
5,35,7,0.95,310.5488901962418,32.02930173316548,342.5781919294073,1064.7390521014004,342.5781919294073,899.8029344633042,342.5781919294073,1242.3811263927114,False,0.0
5,36,7,0.95,353.09761066765765,35.46138221187499,388.55899287953264,1664.6030217189575,388.55899287953264,959.4664733727767,388.55899287953264,1348.0254662523093,False,0.0
5,37,7,0.95,138.21000803990924,20.665926914630603,158.87593495453984,612.0728927481695,158.87593495453984,600.2776318062387,158.87593495453984,759.1535667607785,False,0.0
5,38,7,0.95,381.3902571672475,35.302439682375564,416.6926968496231,1198.6550939542064,416.6926968496231,997.1654249709356,416.6926968496231,1413.8581218205586,False,0.0
5,39,7,0.95,205.827139582906,26.284226737948302,232.1113663208543,499.86591041562883,232.1113663208543,732.5440306013825,232.1113663208543,964.6553969222368,False,0.0
5,40,7,0.95,131.17026926040478,20.40735282922421,151.577622089629,562.1582968303062,151.577622089629,584.7902449355406,151.577622089629,736.3678670251696,False,0.0
5,41,7,0.95,104.75726778572265,18.513450941275494,123.27071872699814,149.6532396938895,123.27071872699814,522.6061255298758,123.27071872699814,645.8768442568739,False,0.0
5,42,7,0.95,173.55695920439013,23.149248803130064,196.7062080075202,694.2278368175605,196.7062080075202,672.6721240672606,196.7062080075202,869.3783320747808,False,0.0
5,43,7,0.95,232.32708147990917,27.631637903238527,259.9587193831477,265.51666454846765,259.9587193831477,778.2736607397117,259.9587193831477,1038.2323801228595,False,0.0
5,44,7,0.95,131.8942535421161,21.70482975334943,153.59908329546553,565.261086609069,153.59908329546553,586.4018767198115,153.59908329546553,740.0009600152771,False,0.0
5,45,7,0.95,374.7741180359949,35.30515380412277,410.07927184011766,1606.1747915828353,410.07927184011766,988.4784594919397,410.07927184011766,1398.5577313320573,False,0.0
5,46,7,0.95,269.52179672948864,30.65418986411612,300.17598659360476,308.024910547987,300.17598659360476,838.2611927004585,300.17598659360476,1138.4371792940633,False,0.0
5,47,7,0.95,105.83826312744655,18.105299780206835,123.94356290765339,529.1913156372327,123.94356290765339,525.295604136498,123.94356290765339,649.2391670441514,False,0.0
5,48,7,0.95,245.3277102235023,28.37775979442094,273.70547001792323,735.9831306705069,273.70547001792323,799.7527038831545,273.70547001792323,1073.4581739010778,False,0.0
5,49,7,0.95,135.33640559731353,21.17548261039741,156.51188820771094,696.0158002147554,156.51188820771094,594.0044975961248,156.51188820771094,750.5163858038358,False,0.0
5,50,7,0.95,301.88908157229645,32.418675229290955,334.3077568015874,258.76206991911124,334.3077568015874,887.1685086107543,334.3077568015874,1221.4762654123417,True,962.7141954932305
6,1,7,0.95,102.39533947103733,17.6231734636534,120.01851293469073,175.53486766463544,120.01851293469073,516.6810214306628,120.01851293469073,636.6995343653535,False,0.0
6,2,7,0.95,284.74120789724464,29.3700456974409,314.11125359468554,976.2555699334101,314.11125359468554,861.6037408829714,314.11125359468554,1175.714994477657,False,0.0
6,3,7,0.95,177.8372675717906,23.677986849488292,201.51525442127888,304.86388726592673,201.51525442127888,680.9164132869738,201.51525442127888,882.4316677082527,False,0.0
6,4,7,0.95,98.56074154616141,18.215294467294086,116.7760360134555,253.4419068329865,116.7760360134555,506.91412814872103,116.7760360134555,623.6901641621765,False,0.0
6,5,7,0.95,80.08187411937847,16.34903277592676,96.43090689530523,354.64829967153327,96.43090689530523,456.92984811341773,96.43090689530523,553.360755008723,False,0.0
6,6,7,0.95,276.0933813363847,29.683426655067308,305.776807991452,394.4191161948353,305.776807991452,848.4190515633029,305.776807991452,1154.1958595547549,False,0.0
6,7,7,0.95,262.85107002418505,29.932724710356922,292.78379473454197,1201.6048915391316,292.78379473454197,827.8226197114398,292.78379473454197,1120.6064144459817,False,0.0
6,8,7,0.95,355.3905244839981,35.34432034079981,390.7348448247979,456.9306743365689,390.7348448247979,962.5766813115251,390.7348448247979,1353.311526136323,False,0.0
6,9,7,0.95,246.22422552702818,28.63726310310443,274.8614886301326,422.0986723320483,274.8614886301326,801.2126626797179,274.8614886301326,1076.0741513098505,False,0.0
6,10,7,0.95,338.1500149219163,33.004833060176,371.1548479820923,1352.6000596876652,371.1548479820923,938.9384410313728,371.1548479820923,1310.093289013465,False,0.0
6,11,7,0.95,320.206667959117,32.70982416451358,352.9164921236306,1646.7771495040301,352.9164921236306,913.6873246243084,352.9164921236306,1266.603816747939,False,0.0
6,12,7,0.95,321.04789662697544,34.15937010429627,355.2072667312717,504.5038375566757,355.2072667312717,914.8867309627774,355.2072667312717,1270.093997694049,False,0.0
6,13,7,0.95,409.34580156812103,36.61495587001747,445.9607574381385,935.6475464414195,445.9607574381385,1033.0648492034488,445.9607574381385,1479.0256066415873,False,0.0
6,14,7,0.95,284.9623203200472,29.735163768907228,314.6974840889544,1709.773921920283,314.6974840889544,861.9382100691823,314.6974840889544,1176.6356941581366,False,0.0
6,15,7,0.95,410.25677111387955,39.357837881868534,449.6146089957481,2578.7568470015285,449.6146089957481,1034.2137160200705,449.6146089957481,1483.8283250158186,False,0.0
6,16,7,0.95,120.51258106462434,18.819215923954843,139.33179698857919,482.0503242584973,139.33179698857919,560.5296735396663,139.33179698857919,699.8614705282455,False,0.0
6,17,7,0.95,155.93847173416307,22.24939481564593,178.187866549809,490.0923397359411,178.187866549809,637.6157720253606,178.187866549809,815.8036385751695,False,0.0
6,18,7,0.95,391.4135129666322,37.94786422800024,429.36137719463244,1006.4918904856256,429.36137719463244,1010.1836192099673,429.36137719463244,1439.5449964045997,False,0.0
6,19,7,0.95,189.8989537241999,24.249154968870727,214.14810869307064,786.7242368573997,214.14810869307064,703.628951067926,214.14810869307064,917.7770597609966,False,0.0
6,20,7,0.95,222.62035624322797,26.552027919940343,249.17238416316832,890.4814249729119,249.17238416316832,761.8418941185436,249.17238416316832,1011.0142782817119,False,0.0
6,21,7,0.95,186.6767995051048,24.678711181668547,211.35551068677336,426.6898274402396,211.35551068677336,697.633918630698,211.35551068677336,908.9894293174714,False,0.0
6,22,7,0.95,367.326294300821,34.41855009451075,401.74484439533177,262.37592450058645,401.74484439533177,978.607237060477,401.74484439533177,1380.3520814558087,True,1117.9761569552222
6,23,7,0.95,137.91172145447763,20.67852730234253,158.59024875682016,216.71841942846484,158.59024875682016,599.6295185415047,158.59024875682016,758.2197672983249,False,0.0
6,24,7,0.95,305.75143513135504,32.1993935044336,337.95082863578864,1878.1873872354665,337.95082863578864,892.8256661655117,337.95082863578864,1230.7764948013005,False,0.0
6,25,7,0.95,371.81155163493025,35.186883046941034,406.9984346818713,1115.4346549047907,406.9984346818713,984.5637770343834,406.9984346818713,1391.5622117162548,False,0.0
6,26,7,0.95,222.4244375975918,26.802150011407065,249.22658760899887,762.5980717631719,249.22658760899887,761.5065881110804,249.22658760899887,1010.7331757200793,False,0.0
6,27,7,0.95,102.4115766924451,18.316072846076608,120.7276495385217,336.495180560891,120.7276495385217,516.7219858516243,120.7276495385217,637.449635390146,False,0.0
6,28,7,0.95,419.10752575761285,37.941110770094895,457.04863652770774,2155.410132467723,457.04863652770774,1045.310093777811,457.04863652770774,1502.3587303055187,False,0.0
6,29,7,0.95,312.39705061459154,33.1701628466829,345.56721346127443,312.39705061459154,345.56721346127443,902.4764479488249,345.56721346127443,1248.0436614100993,True,935.6466107955077
6,30,7,0.95,189.0019435380415,24.685367787777864,213.68731132581937,216.00222118633314,213.68731132581937,701.9651466286076,213.68731132581937,915.652457954427,False,0.0
6,31,7,0.95,269.35831766570226,30.40184449464323,299.7601621603455,615.6761546644623,299.7601621603455,838.0069295143998,299.7601621603455,1137.7670916747452,False,0.0
6,32,7,0.95,204.94927651843605,26.467931679093567,231.41720819752962,702.683233777495,231.41720819752962,730.9801928586279,231.41720819752962,962.3974010561575,False,0.0
6,33,7,0.95,328.1375595683159,32.80607360339934,360.94363317171525,1453.180620945399,360.94363317171525,924.9332379089982,360.94363317171525,1285.8768710807135,False,0.0
6,34,7,0.95,114.51166532707526,19.11011473666835,133.6217800637436,392.6114239785438,133.6217800637436,546.395708545572,133.6217800637436,680.0174886093156,False,0.0
6,35,7,0.95,306.0572144821466,33.40638334427217,339.4635978264188,961.894102658175,339.4635978264188,893.272008189089,339.4635978264188,1232.7356060155078,False,0.0
6,36,7,0.95,353.33001903246895,36.581074890000366,389.9110939224693,2119.9801141948137,389.9110939224693,959.7821811925095,389.9110939224693,1349.6932751149789,False,0.0
6,37,7,0.95,131.14840898773227,20.3217126858099,151.47012167354217,206.09035698072213,151.47012167354217,584.741513592131,151.47012167354217,736.2116352656732,False,0.0
6,38,7,0.95,381.1889606622192,34.92275301978884,416.11171368200803,1470.3002768399883,416.11171368200803,996.9022399474355,416.11171368200803,1413.0139536294437,False,0.0
6,39,7,0.95,199.48188542245305,25.75617271154414,225.23805813399719,740.932717283397,225.23805813399719,721.1641787474877,225.23805813399719,946.4022368814849,False,0.0
6,40,7,0.95,141.03562697252818,21.168042680131094,162.20366965265927,463.40277433830687,162.20366965265927,606.3827400776603,162.20366965265927,768.5864097303196,False,0.0
6,41,7,0.95,100.52067242003454,18.16962598151514,118.69029840154968,531.3235542201826,118.69029840154968,511.92944152010836,118.69029840154968,630.619739921658,False,0.0
6,42,7,0.95,168.68119152420337,23.16119947948522,191.8423910036886,361.45969612329293,191.8423910036886,663.15606279116,191.8423910036886,854.9984537948486,False,0.0
6,43,7,0.95,241.444869934132,27.720549056258335,269.1654189903903,1483.1613438810966,269.1654189903903,793.39855560907,269.1654189903903,1062.5639745994604,False,0.0
6,44,7,0.95,136.21437397172915,20.558923363082442,156.7732973348116,350.26553307016064,156.7732973348116,595.9281266567132,156.7732973348116,752.7014239915247,False,0.0
6,45,7,0.95,370.0116408569836,35.22990940516087,405.2415502621445,1374.3289517545106,405.2415502621445,982.1777876331723,405.2415502621445,1387.4193378953169,False,0.0
6,46,7,0.95,269.8594059757105,30.72557784098541,300.5849838166959,963.7835927703946,300.5849838166959,838.7860410869914,300.5849838166959,1139.3710249036874,False,0.0
6,47,7,0.95,100.05339660466316,17.49015878531506,117.54355538997822,543.1470101396001,117.54355538997822,510.73818957537236,117.54355538997822,628.2817449653505,False,0.0
6,48,7,0.95,244.96219305369976,28.257365591505902,273.21955864520567,769.8811781687707,273.21955864520567,799.1567004599304,273.21955864520567,1072.3762591051361,False,0.0
6,49,7,0.95,134.05396370820515,19.807919477006465,153.8618831852116,306.4090599044689,153.8618831852116,591.1834181990686,153.8618831852116,745.0453013842802,False,0.0
6,50,7,0.95,301.86301682413557,32.172668103597346,334.0356849277329,215.61644058866824,334.0356849277329,887.1302092413713,334.0356849277329,1221.1658941691041,True,1005.549453580436
7,1,7,0.95,90.850205723787,16.794489867644614,107.64469559143161,246.59341553599327,107.64469559143161,486.68209842024226,107.64469559143161,594.3267940116739,False,0.0
7,2,7,0.95,250.95739673666083,28.162306267541965,279.1197030042028,1362.3401537133018,279.1197030042028,808.8768659994867,279.1197030042028,1087.9965690036895,False,0.0
7,3,7,0.95,151.56921678779815,22.846725262566906,174.41594205036506,108.26372627699868,174.41594205036506,628.6195995282402,174.41594205036506,803.0355415786053,True,694.7718153016066
7,4,7,0.95,94.66799907378591,16.496198947828205,111.16419802161411,540.9599947073481,111.16419802161411,496.8027753396991,111.16419802161411,607.9669733613132,False,0.0
7,5,7,0.95,85.12016662884245,15.554812277410491,100.67497890625295,316.16061890712916,100.67497890625295,471.08431774491964,100.67497890625295,571.7592966511726,False,0.0
7,6,7,0.95,243.65912839127438,28.02519966045773,271.6843280517321,348.084469130392,271.6843280517321,797.0283283315376,271.6843280517321,1068.7126563832699,False,0.0
7,7,7,0.95,257.4867990349061,28.33974922526744,285.8265482601735,625.3250833704863,285.8265482601735,819.3319650254308,285.8265482601735,1105.1585132856044,False,0.0
7,8,7,0.95,331.6521176529833,33.03212715797281,364.6842448109561,1279.229596661507,364.6842448109561,929.8733513738728,364.6842448109561,1294.557596184829,False,0.0
7,9,7,0.95,223.9549017813037,26.41962659613904,250.37452837744274,543.8904757545947,250.37452837744274,764.1219945147869,250.37452837744274,1014.4965228922297,False,0.0
7,10,7,0.95,322.02368179484,32.30801642212032,354.3316982169603,414.03044802193716,354.3316982169603,916.2760183603309,354.3316982169603,1270.6077165772913,False,0.0
7,11,7,0.95,298.65788664666917,31.099912927500498,329.75779957416967,1322.6277837209634,329.75779957416967,882.4079418841632,329.75779957416967,1212.1657414583328,False,0.0
7,12,7,0.95,297.96093101697073,31.668889910748533,329.62982092771927,1319.541265932299,329.62982092771927,881.3777357118405,329.62982092771927,1211.0075566395599,False,0.0
7,13,7,0.95,366.19864918282633,35.67524202277485,401.8738912056012,470.8268346636338,401.8738912056012,977.103982446274,401.8738912056012,1378.9778736518751,False,0.0
7,14,7,0.95,249.57784115214642,28.483635074988996,278.0614762271354,570.4636369191918,278.0614762271354,806.650535151966,278.0614762271354,1084.7120113791013,False,0.0
7,15,7,0.95,365.944939922642,35.87684594344478,401.82178586608677,731.889879845284,401.82178586608677,976.7654458604113,401.82178586608677,1378.587231726498,False,0.0
7,16,7,0.95,107.01763692476582,18.15769913758554,125.17533606235136,473.9352492382486,125.17533606235136,528.2142251934445,125.17533606235136,653.3895612557958,False,0.0
7,17,7,0.95,142.95770905383156,20.843928143767045,163.8016371975986,694.3660154043248,163.8016371975986,610.5007535074824,163.8016371975986,774.302390705081,False,0.0
7,18,7,0.95,353.5240313649508,34.53980503423361,388.0638363991844,1717.1167237726183,388.0638363991844,960.0456516236501,388.0638363991844,1348.1094880228345,False,0.0
7,19,7,0.95,168.4253581825964,23.805843264566533,192.23120144716293,1010.5521490955784,192.23120144716293,662.6529782227524,192.23120144716293,854.8841796699153,False,0.0
7,20,7,0.95,192.35660495897122,25.31059520005911,217.66720015903033,961.7830247948561,217.66720015903033,708.1674580514358,217.66720015903033,925.8346582104662,False,0.0
7,21,7,0.95,177.66275399071418,23.159626611244704,200.82238060195888,431.466688263163,200.82238060195888,680.582236064988,200.82238060195888,881.4046166669469,False,0.0
7,22,7,0.95,348.08001231226945,34.15088668562646,382.2308989978959,447.53144440148924,382.2308989978959,952.6249617840858,382.2308989978959,1334.8558607819818,False,0.0
7,23,7,0.95,123.00364159268872,20.229977457708657,143.23361905039738,509.5865151697104,143.23361905039738,566.2932681755439,143.23361905039738,709.5268872259412,False,0.0
7,24,7,0.95,284.16377744127186,29.783659581613108,313.94743702288497,1664.3878392988781,313.94743702288497,860.729668719944,313.94743702288497,1174.677105742829,False,0.0
7,25,7,0.95,343.8237863118599,33.83986509564801,377.6636514075079,2161.178085388834,377.6636514075079,946.782830747779,377.6636514075079,1324.446482155287,False,0.0
7,26,7,0.95,203.99138142768655,26.385428288694158,230.3768097163807,407.9827628553731,230.3768097163807,729.2699589369475,230.3768097163807,959.6467686533283,False,0.0
7,27,7,0.95,92.72962615217989,17.446827884900628,110.17645403708052,185.45925230435978,110.17645403708052,491.6903318839849,110.17645403708052,601.8667859210655,False,0.0
7,28,7,0.95,372.0831992069763,36.61565288709784,408.69885209407414,318.92845646312253,408.69885209407414,984.9233752304445,408.69885209407414,1393.6222273245187,True,1074.6937708613962
7,29,7,0.95,305.99660153500696,31.547648964753307,337.54425049976027,437.13800219286713,337.54425049976027,893.1835500063704,337.54425049976027,1230.7278005061307,False,0.0
7,30,7,0.95,166.80617836144944,22.962577170843502,189.76875553229294,643.395259394162,189.76875553229294,659.4600339992942,189.76875553229294,849.2287895315872,False,0.0
7,31,7,0.95,252.55626738929934,28.526397501730656,281.08266489103,938.0661360173974,281.08266489103,811.4494861361816,281.08266489103,1092.5321510272115,False,0.0
7,32,7,0.95,186.41387802589173,24.343670083231274,210.757548109123,505.98052607027756,210.757548109123,697.1424607406318,210.757548109123,907.9000088497548,False,0.0
7,33,7,0.95,299.1399691711156,31.082601079287144,330.2225702504027,726.4827822727093,330.2225702504027,883.1198298704477,330.2225702504027,1213.3424001208505,False,0.0
7,34,7,0.95,113.77163463856128,18.510301428725498,132.28193606728678,617.6174451807613,132.28193606728678,544.6273079761902,132.28193606728678,676.909244043477,False,0.0
7,35,7,0.95,282.57281348235216,29.859502593710886,312.43231607606305,928.4535300134429,312.43231607606305,858.3167785225193,312.43231607606305,1170.7490945985824,False,0.0
7,36,7,0.95,325.70362976603775,33.266070135329926,358.9696999013677,1721.5763287633424,358.9696999013677,921.4965501237793,358.9696999013677,1280.466250025147,False,0.0
7,37,7,0.95,124.2766765710053,19.796368712857813,144.0730452838631,763.4138703647468,144.0730452838631,569.2161712667249,144.0730452838631,713.289216550588,False,0.0
7,38,7,0.95,345.2003964142895,34.623153317636024,379.82354973192554,838.3438198632745,379.82354973192554,948.6763134991817,379.82354973192554,1328.4998632311072,False,0.0
7,39,7,0.95,188.79381602306069,24.85513642331412,213.6489524463748,350.6170868999698,213.6489524463748,701.5785408044244,213.6489524463748,915.2274932507992,False,0.0
7,40,7,0.95,124.15379518080238,19.66212547782939,143.81592065863177,762.6590275392147,143.81592065863177,568.9346889519096,143.81592065863177,712.7506096105413,False,0.0
7,41,7,0.95,88.29852096392324,17.21203024812469,105.51055121204793,378.42223270252816,105.51055121204793,479.79876847212864,105.51055121204793,585.3093196841766,False,0.0
7,42,7,0.95,158.3076892839126,22.648261247975086,180.95595053188768,361.8461469346574,180.95595053188768,642.4412512808806,180.95595053188768,823.3972018127682,False,0.0
7,43,7,0.95,225.52199161502688,27.34970160534104,252.87169322036792,934.3053938336828,252.87169322036792,766.7907469236628,252.87169322036792,1019.6624401440307,False,0.0
7,44,7,0.95,124.26400810551918,19.780263358866748,144.04427146438593,443.8000289482828,144.04427146438593,569.1871582636475,144.04427146438593,713.2314297280334,False,0.0
7,45,7,0.95,341.9388413849932,33.52599637281401,375.46483775780723,2002.7846423978176,375.46483775780723,944.1839904894541,375.46483775780723,1319.6488282472615,False,0.0
7,46,7,0.95,247.08756181475633,29.575136901714814,276.66269871647114,529.4733467459065,276.66269871647114,802.6160799997631,276.66269871647114,1079.2787787162342,False,0.0
7,47,7,0.95,97.6462303535352,17.256427642269756,114.90265799580496,613.7763050793642,114.90265799580496,504.5569065954259,114.90265799580496,619.4595645912309,False,0.0
7,48,7,0.95,226.28860063816663,27.051291746237553,253.33989238440418,1357.7316038289996,253.33989238440418,768.0929037601172,253.33989238440418,1021.4327961445214,False,0.0
7,49,7,0.95,120.34112293660883,20.624603207219707,140.96572614382853,206.29906789132943,140.96572614382853,560.1307874815758,140.96572614382853,701.0965136254043,False,0.0
7,50,7,0.95,269.17276977443396,30.558354792410285,299.73112456684424,422.98578107411055,299.73112456684424,837.7182486103393,299.73112456684424,1137.4493731771836,False,0.0
8,1,7,0.95,162.4307743854734,24.030165025751387,186.46093941122479,603.3143048603298,186.46093941122479,650.7535887102506,186.46093941122479,837.2145281214754,False,0.0
8,2,7,0.95,440.04546455687733,39.41246775031408,479.4579323071914,377.18182676303775,479.4579323071914,1071.1028847583098,479.4579323071914,1550.5608170655012,True,1173.3789903024635
8,3,7,0.95,273.89449081332117,30.272677259430736,304.1671680727519,626.0445504304483,304.1671680727519,845.033765795622,304.1671680727519,1149.2009338683738,False,0.0
8,4,7,0.95,157.2321329457498,22.475895449105536,179.70802839485535,494.15813211521373,179.70802839485535,640.2551306493747,179.70802839485535,819.96315904423,False,0.0
8,5,7,0.95,144.83493559135246,20.223252618422322,165.05818820977478,889.7003186325937,165.05818820977478,614.4960274824731,165.05818820977478,779.5542156922479,False,0.0
8,6,7,0.95,444.2965311566269,40.57258015686659,484.8691113134935,2792.721052984512,484.8691113134935,1076.2641532906077,484.8691113134935,1561.1332646041012,False,0.0
8,7,7,0.95,432.6050376673538,40.070593145463306,472.67563081281713,679.8079163344132,472.67563081281713,1062.0090083979787,472.67563081281713,1534.684639210796,False,0.0
8,8,7,0.95,587.6464479872609,45.351494912301064,632.997942899562,3357.979702784348,632.997942899562,1237.7714810882333,632.997942899562,1870.769423987795,False,0.0
8,9,7,0.95,396.23337155945484,35.565314195938754,431.7986857553936,452.83813892509124,431.7986857553936,1016.3842798975516,431.7986857553936,1448.182965652945,False,0.0
8,10,7,0.95,545.8088237725489,43.69520552415497,589.5040292967038,2651.0714297523805,589.5040292967038,1192.8962973637504,589.5040292967038,1782.400326660454,False,0.0
8,11,7,0.95,510.1568360176132,42.74481129902057,552.9016473166338,2769.4228240956145,552.9016473166338,1153.2786961727509,552.9016473166338,1706.1803434893845,False,0.0
8,12,7,0.95,507.5730860199764,43.552260365465884,551.1253463854423,2900.417634399865,551.1253463854423,1150.3545304361342,551.1253463854423,1701.4798768215765,False,0.0
8,13,7,0.95,624.894672778851,47.16163072194627,672.0563035007973,1160.518678017866,672.0563035007973,1276.3971492454864,672.0563035007973,1948.4534527462838,False,0.0
8,14,7,0.95,434.030487234693,40.569310392381055,474.59979762707405,2480.1742127696743,474.59979762707405,1063.7572488947674,474.59979762707405,1538.3570465218413,False,0.0
8,15,7,0.95,667.3477722706575,47.91495046264595,715.2627227333035,858.0185643479883,715.2627227333035,1319.0416891461932,715.2627227333035,2034.3044118794967,False,0.0
8,16,7,0.95,195.46933734233974,24.483898597346467,219.9532359396862,698.1047762226419,219.9532359396862,713.8742792975025,219.9532359396862,933.8275152371888,False,0.0
8,17,7,0.95,239.78431058538095,28.0721933934918,267.85650397887275,787.8627347805374,267.85650397887275,790.665512462508,267.85650397887275,1058.5220164413809,False,0.0
8,18,7,0.95,632.6111668825752,48.30281079722192,680.9139776797971,1536.341405286254,680.9139776797971,1284.2537463783058,680.9139776797971,1965.167724058103,False,0.0
8,19,7,0.95,314.40076041749165,31.115201181683403,345.51596159917506,224.57197172677976,345.51596159917506,905.3660567984346,345.51596159917506,1250.8820183976095,True,1026.3100466708297
8,20,7,0.95,364.3280113155054,34.487791702423806,398.8158030179292,1821.640056577527,398.8158030179292,974.6051366365159,398.8158030179292,1373.4209396544452,False,0.0
8,21,7,0.95,299.43234789758014,32.529705528958004,331.96205342653815,769.9688945937776,331.96205342653815,883.5513041237,331.96205342653815,1215.5133575502382,False,0.0
8,22,7,0.95,610.0382096911816,47.51660694949851,657.5548166406801,2701.5977857752328,657.5548166406801,1261.1331257962345,657.5548166406801,1918.6879424369145,False,0.0
8,23,7,0.95,217.3689225712387,27.226982137400427,244.59590470863913,652.1067677137161,244.59590470863913,752.8026526563543,244.59590470863913,997.3985573649934,False,0.0
8,24,7,0.95,498.565152770224,43.02036292935509,541.5855156995791,1353.2482718048936,541.5855156995791,1140.101125718779,541.5855156995791,1681.6866414183582,False,0.0
8,25,7,0.95,607.7412508540243,44.65193912897962,652.3931899830039,3472.8071477372814,652.3931899830039,1258.7566330133616,652.3931899830039,1911.1498229963654,False,0.0
8,26,7,0.95,354.38972259712915,35.75856750106209,390.14829009819124,405.0168258252905,390.14829009819124,961.2203877956105,390.14829009819124,1351.3686778938018,False,0.0
8,27,7,0.95,167.82648928469806,23.167033010657235,190.9935222953553,815.1572336685334,190.9935222953553,661.4738337817776,190.9935222953553,852.4673560771329,False,0.0
8,28,7,0.95,663.031499790468,48.723973609043924,711.755473399512,3220.4387132679876,711.755473399512,1314.7691199368178,711.755473399512,2026.5245933363299,False,0.0
8,29,7,0.95,517.1735302403159,44.39994054139572,561.5734707817116,1477.6386578294741,561.5734707817116,1161.1827053781826,561.5734707817116,1722.7561761598943,False,0.0
8,30,7,0.95,297.8020242716049,31.260160430662154,329.0621847022671,638.1471948677248,329.0621847022671,881.1426788110983,329.0621847022671,1210.2048635133654,False,0.0
8,31,7,0.95,438.2912503262891,39.775890326150034,478.06714065243915,313.06517880449223,478.06714065243915,1068.965809853803,478.06714065243915,1547.032950506242,True,1233.9677717017498
8,32,7,0.95,329.93911340837514,33.27742932355835,363.2165427319335,1979.634680450251,363.2165427319335,927.4688150092662,363.2165427319335,1290.6853577411998,False,0.0
8,33,7,0.95,530.7569490615031,42.33249494210918,573.0894440036122,3184.541694369019,573.0894440036122,1176.3329412307696,573.0894440036122,1749.4223852343819,False,0.0
8,34,7,0.95,195.08866416192987,25.393193126065484,220.48185728799535,390.17732832385974,220.48185728799535,713.1788115748512,220.48185728799535,933.6606688628466,False,0.0
8,35,7,0.95,494.98178006327674,42.09474154090134,537.0765216041781,424.2700971970943,537.0765216041781,1135.9965723134153,537.0765216041781,1673.0730939175933,True,1248.8029967204989
8,36,7,0.95,598.3027079795329,45.0097214022943,643.3124293818272,769.2463388308281,643.3124293818272,1248.9438063892499,643.3124293818272,1892.2562357710772,False,0.0
8,37,7,0.95,217.46391616116279,27.389087450828953,244.85300361199174,217.46391616116279,244.85300361199174,752.967127905255,244.85300361199174,997.8201315172468,True,780.356215356084
8,38,7,0.95,595.3706292339835,45.55795313814997,640.9285823721335,3232.011987270196,640.9285823721335,1245.8797226699005,640.9285823721335,1886.8083050420341,False,0.0
8,39,7,0.95,333.3006973363687,34.61860382537998,367.9193011617487,1904.5754133506784,367.9193011617487,932.1815983708577,367.9193011617487,1300.1008995326065,False,0.0
8,40,7,0.95,221.71100041030473,26.329567745671653,248.0405681559764,348.4030006447646,248.0405681559764,760.2843225200182,248.0405681559764,1008.3248906759947,False,0.0
8,41,7,0.95,172.77290648423036,23.41725083810175,196.1901573223321,839.1826886376904,196.1901573223321,671.150988264319,196.1901573223321,867.3411455866511,False,0.0
8,42,7,0.95,267.6600024257774,30.51592253264573,298.17592495842314,458.84571844418986,298.17592495842314,835.3609180870299,298.17592495842314,1133.536843045453,False,0.0
8,43,7,0.95,384.2909621811079,36.22283450769572,420.5137966888036,1043.0754687772928,420.5137966888036,1000.9502670537788,420.5137966888036,1421.4640637425823,False,0.0
8,44,7,0.95,223.23756876692687,25.924406992756587,249.16197575968346,892.9502750677075,249.16197575968346,762.8972623208389,249.16197575968346,1012.0592380805224,False,0.0
8,45,7,0.95,604.1342644423013,46.76553696598148,650.8998014082828,2848.061532370849,650.8998014082828,1255.0156701396202,650.8998014082828,1905.915471547903,False,0.0
8,46,7,0.95,443.3793434344012,38.09313731820407,481.4724807526053,2470.256341991664,481.4724807526053,1075.1526813619028,481.4724807526053,1556.625162114508,False,0.0
8,47,7,0.95,166.80370406034064,22.90233543122278,189.70603949156342,142.974603480292,189.70603949156342,659.4551429671984,189.70603949156342,849.1611824587618,True,706.1865789784698
8,48,7,0.95,394.69972339572087,35.81590282828773,430.5156262240086,676.6280972498072,430.5156262240086,1014.4153806835812,430.5156262240086,1444.9310069075898,False,0.0
8,49,7,0.95,217.76783601386725,26.97816404330132,244.74600005716857,497.7550537459823,244.74600005716857,753.493104267724,244.74600005716857,998.2391043248925,False,0.0
8,50,7,0.95,482.9645606327707,42.34240811582026,525.306968748591,1172.9139329653003,525.306968748591,1122.1219205179384,525.306968748591,1647.4288892665295,False,0.0
9,1,7,0.95,144.87068228923184,21.18137449067177,166.0520567799036,910.6157172466002,166.0520567799036,614.5718546596346,166.0520567799036,780.6239114395382,False,0.0
9,2,7,0.95,391.152995779285,37.20793084752461,428.3609266268096,2011.6439782934658,428.3609266268096,1009.8473840120561,428.3609266268096,1438.2083106388657,False,0.0
9,3,7,0.95,235.2303740034041,27.871770771267563,263.1021447746717,571.2737654368385,263.1021447746717,783.1214397307853,263.1021447746717,1046.223584505457,False,0.0
9,4,7,0.95,138.26339393089953,21.68630010693184,159.94969403783136,849.332277004097,159.94969403783136,600.3935541719895,159.94969403783136,760.3432482098209,False,0.0
9,5,7,0.95,117.43464758880397,19.640962157638725,137.0756097464427,402.6330774473279,137.0756097464427,553.3253135744279,137.0756097464427,690.4009233208706,False,0.0
9,6,7,0.95,377.8943477266745,36.4609925617022,414.3553402883767,1349.6226704524088,414.3553402883767,992.5847819860319,414.3553402883767,1406.9401222744086,False,0.0
9,7,7,0.95,376.17266122625347,35.20751198109639,411.38017320734986,1182.2569352825108,411.38017320734986,990.321092761558,411.38017320734986,1401.7012659689078,False,0.0
9,8,7,0.95,489.7226262488764,42.50708272966949,532.2297089785459,699.6037517841091,532.2297089785459,1129.945506210808,532.2297089785459,1662.1752151893538,False,0.0
9,9,7,0.95,329.9225796213915,33.10294800343763,363.0255276248291,1979.535477728349,363.0255276248291,927.445576230787,363.0255276248291,1290.471103855616,False,0.0
9,10,7,0.95,480.38905474711555,40.23796803660491,520.6270227837205,343.1350391050825,520.6270227837205,1119.125950344085,520.6270227837205,1639.7529731278055,True,1296.617934022723
9,11,7,0.95,449.2673101440152,38.40345175303895,487.67076189705415,705.9914873691667,487.67076189705415,1082.268016061527,487.67076189705415,1569.9387779585813,False,0.0
9,12,7,0.95,453.2641937282696,40.7255537670315,493.9897474953011,906.5283874565392,493.9897474953011,1087.071527121042,493.9897474953011,1581.061274616343,False,0.0
9,13,7,0.95,547.5293329682228,43.17000981728074,590.6993427855035,1251.4956182130807,590.6993427855035,1194.7749535055943,590.6993427855035,1785.4742962910977,False,0.0
9,14,7,0.95,375.2996300517726,36.5950646757463,411.8946947275189,536.1423286453895,411.8946947275189,989.1712439096862,411.8946947275189,1401.0659386372051,False,0.0
9,15,7,0.95,580.1541292266695,45.83160911445782,625.9857383411273,414.3958065904782,625.9857383411273,1229.8555582080546,625.9857383411273,1855.841296549182,True,1441.445489958704
9,16,7,0.95,160.0397801654762,22.08115628210257,182.12093644757877,731.6104236136055,182.12093644757877,645.9462591556162,182.12093644757877,828.0671956031949,False,0.0
9,17,7,0.95,212.38692870362704,26.470202304271794,238.85713100789883,1304.662562036566,238.85713100789883,744.1257045151515,238.85713100789883,982.9828355230503,False,0.0
9,18,7,0.95,529.1850955054564,46.85677406221021,576.0418695676666,680.380837078444,576.0418695676666,1174.5897759871364,576.0418695676666,1750.631645554803,False,0.0
9,19,7,0.95,267.2585106856959,29.36431677335264,296.62282745904855,610.8765958530192,296.62282745904855,834.7341595650978,296.62282745904855,1131.3569870241463,False,0.0
9,20,7,0.95,307.08593313526933,31.229822469813143,338.3157556050825,1096.7354754831047,338.3157556050825,894.7719805082558,338.3157556050825,1233.0877361133382,False,0.0
9,21,7,0.95,256.76633339584305,28.365427464542506,285.13176086038555,1540.5980003750583,285.13176086038555,818.1848886820959,285.13176086038555,1103.3166495424814,False,0.0
9,22,7,0.95,513.4756906297024,42.75874596086737,556.2344365905698,2347.3174428786397,556.2344365905698,1157.0239751801707,556.2344365905698,1713.2584117707406,False,0.0
9,23,7,0.95,193.58363211270785,23.834116807957628,217.41774892066547,967.9181605635392,217.41774892066547,710.4225388614982,217.41774892066547,927.8402877821636,False,0.0
9,24,7,0.95,421.07912799487207,37.94705217213021,459.0261801670023,1684.3165119794883,459.0261801670023,1047.7659284610154,459.0261801670023,1506.7921086280176,False,0.0
9,25,7,0.95,528.9681856672167,45.047012846864504,574.0151985140812,1586.9045570016503,574.0151985140812,1174.3490226155513,574.0151985140812,1748.3642211296326,False,0.0
9,26,7,0.95,284.5301795525544,31.41048994198877,315.94066949454316,487.76602209009326,315.94066949454316,861.284404399625,315.94066949454316,1177.2250738941682,False,0.0
9,27,7,0.95,139.08826434191317,21.028629318276927,160.1168936601901,774.9203299049448,160.1168936601901,602.1818453685037,160.1168936601901,762.2987390286937,False,0.0
9,28,7,0.95,555.6504079052295,45.60674256875916,601.2571504739886,2937.009298927642,601.2571504739886,1203.6029212487954,601.2571504739886,1804.8600717227841,False,0.0
9,29,7,0.95,459.809738735087,40.203229379283755,500.0129681143708,394.12263320150316,500.0129681143708,1094.8925408403811,500.0129681143708,1594.905508954752,True,1200.7828757532488
9,30,7,0.95,258.6854672543685,30.264357021148726,288.94982427551724,1219.5172027705946,288.94982427551724,821.2368526794749,288.94982427551724,1110.186676954992,False,0.0
9,31,7,0.95,375.0006437517704,35.712795056142966,410.71343880791335,428.57216428773756,410.71343880791335,988.7771486949935,410.71343880791335,1399.4905875029067,False,0.0
9,32,7,0.95,287.27906549542945,31.209619937670425,318.4886854330999,1395.3554609778002,318.4886854330999,865.4348985412386,318.4886854330999,1183.9235839743385,False,0.0
9,33,7,0.95,436.7935982860338,38.30637273634591,475.0999710223797,2371.165247838469,475.0999710223797,1067.137905716576,475.0999710223797,1542.2378767389555,False,0.0
9,34,7,0.95,163.33284930512406,22.92110181738309,186.25395112250715,233.33264186446291,186.25395112250715,652.5580981051762,186.25395112250715,838.8120492276834,False,0.0
9,35,7,0.95,431.2135923229115,37.572526128007496,468.786118450919,1355.2427187291503,468.786118450919,1060.299692128405,468.786118450919,1529.085810579324,False,0.0
9,36,7,0.95,495.2098120672192,41.26256149669382,536.472373563913,636.6983298007103,536.472373563913,1136.2582119914941,536.472373563913,1672.7305855554073,False,0.0
9,37,7,0.95,190.44455794505,24.22181850086423,214.66637644591424,734.5718663594786,214.66637644591424,704.6390344908278,214.66637644591424,919.3054109367421,False,0.0
9,38,7,0.95,515.6618615144668,43.69726878147344,559.3591302959402,3093.9711690868007,559.3591302959402,1159.4844280750092,559.3591302959402,1718.8435583709493,False,0.0
9,39,7,0.95,286.0562381675615,30.473026170001845,316.52926433756335,326.92141504864173,316.52926433756335,863.5910363590592,316.52926433756335,1180.1203006966225,False,0.0
9,40,7,0.95,185.6497976623852,24.469001816674762,210.11879947905996,530.4279933211005,210.11879947905996,695.7122565439711,210.11879947905996,905.831056023031,False,0.0
9,41,7,0.95,148.56878010000702,21.754842404186746,170.32362250419376,912.6367920429002,170.32362250419376,622.3664787182557,170.32362250419376,792.6901012224495,False,0.0
9,42,7,0.95,230.23637718282956,28.542673556997016,258.7790507398266,559.1454874440146,258.7790507398266,774.7639164459473,258.7790507398266,1033.542967185774,False,0.0
9,43,7,0.95,332.23404279120564,32.976074803861025,365.21011759506666,474.6200611302937,365.21011759506666,930.6887834087107,365.21011759506666,1295.8989010037774,False,0.0
9,44,7,0.95,187.7285081197565,24.791168995233306,212.5196771149898,643.6405992677365,212.5196771149898,699.5963400608297,212.5196771149898,912.1160171758195,False,0.0
9,45,7,0.95,524.7976579291906,44.130640292164344,568.9282982213549,1874.2773497471092,568.9282982213549,1169.7104194267015,568.9282982213549,1738.6387176480564,False,0.0
9,46,7,0.95,372.6570131268434,36.76195467748795,409.4189678043314,1650.3382009903064,409.4189678043314,985.6825401405068,409.4189678043314,1395.1015079448382,False,0.0
9,47,7,0.95,140.33581735816895,21.414684136481014,161.75050149464997,340.81555644126746,161.75050149464997,604.8764533577537,161.75050149464997,766.6269548524036,False,0.0
9,48,7,0.95,323.4401422966932,33.810665025980825,357.250807322674,1986.8465883939725,357.250807322674,918.2889832193855,357.250807322674,1275.5397905420596,False,0.0
9,49,7,0.95,193.6118796411159,24.81041643530196,218.42229607641787,691.4709987182711,218.42229607641787,710.474369041092,218.42229607641787,928.8966651175099,False,0.0
9,50,7,0.95,410.08501863252167,37.83194599466867,447.91696462719034,937.3371854457638,447.91696462719034,1033.9972084822446,447.91696462719034,1481.9141731094348,False,0.0
10,1,7,0.95,155.34549461202968,21.939455986478663,177.28495059850835,954.2651811881824,177.28495059850835,636.4023072452499,177.28495059850835,813.6872578437582,False,0.0
10,2,7,0.95,407.4538212151823,36.7973726274318,444.2511938426141,2386.515238546068,444.2511938426141,1030.6746914505688,444.2511938426141,1474.925885293183,False,0.0
10,3,7,0.95,253.12613361959706,30.00524116805559,283.13137478765265,867.8610295529041,283.13137478765265,812.3644448291179,283.13137478765265,1095.4958196167706,False,0.0
10,4,7,0.95,148.68753930414763,22.413864039639122,171.10140334378676,106.2053852172483,171.10140334378676,622.6151749218423,171.10140334378676,793.716578265629,True,687.5111930483806
10,5,7,0.95,124.68579794536447,19.466841514913398,144.15263946027787,498.7431917814579,144.15263946027787,570.1523370998443,144.15263946027787,714.3049765601222,False,0.0
10,6,7,0.95,406.96199454107676,36.202278715845466,443.16427325692223,1569.7105503727248,443.16427325692223,1030.0524536140763,443.16427325692223,1473.2167268709986,False,0.0
10,7,7,0.95,389.4736289939807,36.38726362174697,425.86089261572766,556.3908985628295,425.86089261572766,1007.6772250463756,425.86089261572766,1433.5381176621033,False,0.0
10,8,7,0.95,522.27963404402,42.96278085495999,565.24241489898,2238.3412887600857,565.24241489898,1166.9008601115402,565.24241489898,1732.14327501052,False,0.0
10,9,7,0.95,351.2563245525568,34.47456103346235,385.73088558601916,1906.8200475710228,385.73088558601916,956.9615549140162,385.73088558601916,1342.6924405000354,False,0.0
10,10,7,0.95,505.8648981470425,42.9772365449943,548.8421346920368,650.3977261890547,548.8421346920368,1148.4171959193927,548.8421346920368,1697.2593306114295,False,0.0
10,11,7,0.95,486.29987281731815,40.764434057988296,527.0643068753064,2292.556543281643,527.0643068753064,1125.9898933139457,527.0643068753064,1653.0542001892522,False,0.0
10,12,7,0.95,474.59594220132243,41.64568445660535,516.2416266579278,677.9942031447463,516.2416266579278,1112.3575957124408,516.2416266579278,1628.5992223703686,False,0.0
10,13,7,0.95,574.1892062894566,45.61595276568141,619.805159055138,2788.9190019773605,619.805159055138,1223.5167705536705,619.805159055138,1843.3219296088087,False,0.0
10,14,7,0.95,396.80635637018617,39.31516630294021,436.1215226731264,1190.4190691105584,436.1215226731264,1017.118900463173,436.1215226731264,1453.2404231362993,False,0.0
10,15,7,0.95,594.6151656898106,47.56069142519095,642.1758571150016,424.7251183498647,642.1758571150016,1245.0890257234646,642.1758571150016,1887.2648828384663,True,1462.5397644886016
10,16,7,0.95,175.2825549171988,23.469247706511624,198.75180262371043,1076.735694491364,198.75180262371043,676.0078853342803,198.75180262371043,874.7596879579908,False,0.0
10,17,7,0.95,230.52851466064212,28.010302500600375,258.5388171612425,362.25909446672335,258.5388171612425,775.2552936712174,258.5388171612425,1033.7941108324599,False,0.0
10,18,7,0.95,569.6153113275967,45.39622261456168,615.0115339421584,2278.461245310387,615.0115339421584,1218.633862260092,615.0115339421584,1833.6453962022504,False,0.0
10,19,7,0.95,280.9091882889943,31.50969957698902,312.4188878659833,481.55860849541887,312.4188878659833,855.7864124613392,312.4188878659833,1168.2053003273224,False,0.0
10,20,7,0.95,331.9167117056992,33.109535222239856,365.02624692793904,1991.5002702341953,365.02624692793904,930.2442066951337,365.02624692793904,1295.2704536230726,False,0.0
10,21,7,0.95,288.69578699440945,30.554151781116843,319.2499387755263,1402.2366796871315,319.2499387755263,867.5662274142018,319.2499387755263,1186.816166189728,False,0.0
10,22,7,0.95,549.388797518101,45.983448181099675,595.3722456992007,2903.9122154528195,595.3722456992007,1196.8020217411151,595.3722456992007,1792.1742674403158,False,0.0
10,23,7,0.95,205.6105501510092,26.02361866372837,231.63416881473756,646.204586188886,231.63416881473756,732.1585055023379,231.63416881473756,963.7926743170755,False,0.0
10,24,7,0.95,453.88867304286964,40.42693757370387,494.3156106165735,1491.3484971408575,494.3156106165735,1087.8201192576682,494.3156106165735,1582.1357298742419,False,0.0
10,25,7,0.95,545.1470844012878,45.30321447411029,590.4502988753981,2336.3446474340903,590.4502988753981,1192.1729434897738,590.4502988753981,1782.6232423651718,False,0.0
10,26,7,0.95,327.0970683604681,33.14323788553031,360.2403062459984,1682.2134944252646,360.2403062459984,923.465638434026,360.2403062459984,1283.7059446800245,False,0.0
10,27,7,0.95,151.01849981504563,21.474450812627538,172.49295062767317,819.8147132816763,172.49295062767317,627.4765358873797,172.49295062767317,799.9694865150528,False,0.0
10,28,7,0.95,601.1944030362878,47.73998821307407,648.9343912493619,429.4245735973484,648.9343912493619,1251.9583434085664,648.9343912493619,1900.8927346579283,True,1471.4681610605799
10,29,7,0.95,485.7922211122725,38.68153210173796,524.4737532140105,2151.3655506400637,524.4737532140105,1125.4020256461354,524.4737532140105,1649.8757788601458,False,0.0
10,30,7,0.95,279.6666642373831,30.519842801965524,310.1865070393486,359.571425448064,310.1865070393486,853.8916477208704,310.1865070393486,1164.0781547602191,False,0.0
10,31,7,0.95,396.8999101014833,37.54390357624095,434.4438136777242,907.1997945176761,434.4438136777242,1017.238794787991,434.4438136777242,1451.6826084657152,False,0.0
10,32,7,0.95,307.653245675199,32.819941367977435,340.47318704317644,1670.1176193796518,340.47318704317644,895.5981029116306,340.47318704317644,1236.071289954807,False,0.0
10,33,7,0.95,483.50710858531295,41.93608118162024,525.4431897669332,1036.086661254242,525.4431897669332,1122.7520227218452,525.4431897669332,1648.1952124887785,False,0.0
10,34,7,0.95,172.2012417882075,24.58559092238366,196.78683271059117,885.606386339353,196.78683271059117,670.0397283141167,196.78683271059117,866.8265610247079,False,0.0
10,35,7,0.95,444.7544660138959,39.277220444118086,484.031686458014,1461.3361026170865,484.031686458014,1076.8186612659135,484.031686458014,1560.8503477239276,False,0.0
10,36,7,0.95,525.0746170527291,43.9062460693018,568.9808631220309,1050.1492341054582,568.9808631220309,1170.0190328862363,568.9808631220309,1738.9998960082671,False,0.0
10,37,7,0.95,201.44210945301887,25.41237010000782,226.8544795530267,517.9939957363342,226.8544795530267,724.6988041857305,226.8544795530267,951.5532837387573,False,0.0
10,38,7,0.95,550.3839433250607,46.207699676475045,596.5916430015358,2044.2832180645114,596.5916430015358,1197.8854563463283,596.5916430015358,1794.4770993478642,False,0.0
10,39,7,0.95,299.03499849629856,32.061037848032186,331.09603634433074,1495.1749924814926,331.09603634433074,882.9648692702046,331.09603634433074,1214.0609056145354,False,0.0
10,40,7,0.95,199.41236897571983,25.986232535674674,225.3986015113945,826.136957185125,225.3986015113945,721.0385103453101,225.3986015113945,946.4371118567046,False,0.0
10,41,7,0.95,147.85924933183864,21.927106050445104,169.78635538228374,887.1554959910319,169.78635538228374,620.878559589561,169.78635538228374,790.6649149718447,False,0.0
10,42,7,0.95,253.45692452311906,28.569558580850952,282.02648310397,1412.1171509145206,282.02648310397,812.8950795544565,282.02648310397,1094.9215626584264,False,0.0
10,43,7,0.95,356.68303906401263,34.33529166449608,391.0183307285087,1783.415195320063,391.0183307285087,964.3254832056173,391.0183307285087,1355.343813934126,False,0.0
10,44,7,0.95,202.70965477278423,24.412323255647692,227.12197802843193,839.7971412015347,227.12197802843193,726.9752599055616,227.12197802843193,954.0972379339936,False,0.0
10,45,7,0.95,565.3659300123163,45.78129630980857,611.1472263221249,1292.2649828852943,611.1472263221249,1214.0797939606518,611.1472263221249,1825.2270202827767,False,0.0
10,46,7,0.95,403.5395826393099,38.18424013534718,441.7238227746571,1210.6187479179298,441.7238227746571,1025.712113827504,441.7238227746571,1467.435936602161,False,0.0
10,47,7,0.95,155.89766384164983,21.836110232283147,177.73377407393298,200.43985351069261,177.73377407393298,637.5323370073204,177.73377407393298,815.2661110812534,False,0.0
10,48,7,0.95,342.6932831438621,34.385469589132185,377.0787527329943,930.1674828190544,377.0787527329943,945.2250236527569,377.0787527329943,1322.3037763857512,False,0.0
10,49,7,0.95,198.3416703641378,25.63164164848925,223.97331201262705,1190.0500221848267,223.97331201262705,719.1001801999809,223.97331201262705,943.0734922126079,False,0.0
10,50,7,0.95,438.6191283624679,39.82528658901805,478.44441495148595,1378.5172605677562,478.44441495148595,1069.365572438366,478.44441495148595,1547.8099873898518,False,0.0
