service_level,safety_stock,store,item
0.8,10.046997708644668,1,1
0.85,12.332923795690434,1,1
0.9,15.407615058542731,1,1
0.95,19.83906494142964,1,1
0.975,23.47974147097905,1,1
0.99,27.442648683661574,1,1
0.8,17.22532156199742,1,2
0.85,21.193042573434695,1,2
0.9,26.442878534773854,1,2
0.95,33.97110933513983,1,2
0.975,40.31572757559496,1,2
0.99,47.169322482230086,1,2
0.8,13.121019376091994,1,3
0.85,16.19541956759275,1,3
0.9,20.066840369037664,1,3
0.95,26.044254073380756,1,3
0.975,30.79057813855124,1,3
0.99,35.79943674751374,1,3
0.8,10.135912284166167,1,4
0.85,12.563644665974536,1,4
0.9,15.648568964389185,1,4
0.95,20.216371959107292,1,4
0.975,23.856290561250105,1,4
0.99,27.679431624898783,1,4
0.8,8.856736165909524,1,5
0.85,10.970332002154848,1,5
0.9,13.634762517980974,1,5
0.95,17.67108589870594,1,5
0.975,20.956048197090695,1,5
0.99,24.344541437314632,1,5
0.8,17.029369828757183,1,6
0.85,21.071058141798233,1,6
0.9,26.328982101899555,1,6
0.95,33.767264648634864,1,6
0.975,40.035025487197174,1,6
0.99,46.48722999288037,1,6
0.8,17.1349425142634,1,7
0.85,21.343629325071674,1,7
0.9,26.585919938179586,1,7
0.95,34.19470355091846,1,7
0.975,40.604033638520605,1,7
0.99,47.64820115122308,1,7
0.8,19.77335578185091,1,8
0.85,24.536106299271125,1,8
0.9,30.57896578119761,1,8
0.95,39.72374745162392,1,8
0.975,46.96187653711962,1,8
0.99,54.75864889184646,1,8
0.8,16.085873152689203,1,9
0.85,19.916295185835793,1,9
0.9,24.940169662475796,1,9
0.95,32.13003256594163,1,9
0.975,37.75890613287373,1,9
0.99,43.93823147520038,1,9
0.8,19.899705767010516,1,10
0.85,24.31259242651521,1,10
0.9,30.422856475662343,1,10
0.95,39.352778360245225,1,10
0.975,46.64005540656444,1,10
0.99,54.27568158760215,1,10
0.8,18.683031833170276,1,11
0.85,23.409511446532804,1,11
0.9,29.115551536227713,1,11
0.95,37.76488283059143,1,11
0.975,44.62677080269896,1,11
0.99,51.91364057653715,1,11
0.8,18.722733927925844,1,12
0.85,23.113692320996222,1,12
0.9,28.828660864591654,1,12
0.95,37.35422162507285,1,12
0.975,44.275388896583934,1,12
0.99,51.57544307072061,1,12
0.8,20.554635321411865,1,13
0.85,25.271897611728207,1,13
0.9,31.629573589053052,1,13
0.95,40.6955237465732,1,13
0.975,48.48151489087019,1,13
0.99,56.833111128302335,1,13
0.8,17.171900723602278,1,14
0.85,21.103436828580243,1,14
0.9,26.369078028751858,1,14
0.95,34.03841929717191,1,14
0.975,40.295231115908166,1,14
0.99,46.94471884678023,1,14
0.8,21.78485395041764,1,15
0.85,26.943964307691203,1,15
0.9,33.52256814648979,1,15
0.95,43.354977126518975,1,15
0.975,51.417177842762044,1,15
0.99,60.41100939752994,1,15
0.8,10.910869161383232,1,16
0.85,13.525513418119601,1,16
0.9,16.89133352465194,1,16
0.95,21.79366758911962,1,16
0.975,25.824151065558624,1,16
0.99,30.301150973845836,1,16
0.8,12.139538163131618,1,17
0.85,15.179528788033934,1,17
0.9,18.773161685447775,1,17
0.95,24.30603616098739,1,17
0.975,28.97780750115072,1,17
0.99,33.61735002883546,1,17
0.8,20.805891053024197,1,18
0.85,25.725781059003282,1,18
0.9,32.09656941829064,1,18
0.95,41.340651324775706,1,18
0.975,49.209623543737905,1,18
0.99,57.36172266784155,1,18
0.8,14.50547209455172,1,19
0.85,17.943910761309695,1,19
0.9,22.365218576323656,1,19
0.95,28.896963479839513,1,19
0.975,34.12441904850809,1,19
0.99,39.749671405479745,1,19
0.8,15.151078424297793,1,20
0.85,18.585160880889305,1,20
0.9,23.09923317652948,1,20
0.95,30.1454374270798,1,20
0.975,35.47484275625595,1,20
0.99,41.57354923453954,1,20
0.8,13.980140347726007,1,21
0.85,17.205466227460306,1,21
0.9,21.434458294400144,1,21
0.95,27.745858579432337,1,21
0.975,32.70245129325613,1,21
0.99,38.10458389492092,1,21
0.8,20.427262908154887,1,22
0.85,25.570817539523205,1,22
0.9,31.63626392880218,1,22
0.95,40.950253144521696,1,22
0.975,48.323197449293446,1,22
0.99,56.03386841808265,1,22
0.8,11.806548903316383,1,23
0.85,14.753413552891033,1,23
0.9,18.394730336761853,1,23
0.95,23.77834730008948,1,23
0.975,28.00978988644806,1,23
0.99,32.63519934052408,1,23
0.8,18.597621194629824,1,24
0.85,23.324430430437133,1,24
0.9,28.89843100733185,1,24
0.95,37.25105629250464,1,24
0.975,44.38501027820348,1,24
0.99,51.55461126810479,1,24
0.8,19.851218141165873,1,25
0.85,24.45250436412141,1,25
0.9,30.585758967557126,1,25
0.95,39.45231666487024,1,25
0.975,46.389730344005216,1,25
0.99,54.47923542105957,1,25
0.8,15.2664902310824,1,26
0.85,18.904078865265376,1,26
0.9,23.521553478554267,1,26
0.95,30.494313537895493,1,26
0.975,36.23276198997797,1,26
0.99,42.364139598626934,1,26
0.8,10.069153455711074,1,27
0.85,12.315173573473174,1,27
0.9,15.379499857197146,1,27
0.95,19.79213299767244,1,27
0.975,23.578484865443215,1,27
0.99,27.359032538028913,1,27
0.8,22.103443540857825,1,28
0.85,27.279384227088485,1,28
0.9,34.03790876104415,1,28
0.95,43.99817372433233,1,28
0.975,52.111421859922416,1,28
0.99,60.973318731067366,1,28
0.8,18.120614432063178,1,29
0.85,22.368385449754953,1,29
0.9,27.998352180643963,1,29
0.95,35.96929925906733,1,29
0.975,42.8505219845041,1,29
0.99,49.859252804914945,1,29
0.8,13.750289491144486,1,30
0.85,17.168901427220476,1,30
0.9,21.511350613371036,1,30
0.95,27.72019567210498,1,30
0.975,32.86699344936417,1,30
0.99,38.61040085330242,1,30
0.8,16.89996122002634,1,31
0.85,21.052677425784623,1,31
0.9,26.148392035470977,1,31
0.95,33.80127424501637,1,31
0.975,40.32134830516685,1,31
0.99,46.661780964103116,1,31
0.8,15.054948249902935,1,32
0.85,18.395437216984163,1,32
0.9,23.135196386727756,1,32
0.95,29.735035593792162,1,32
0.975,35.421949498424766,1,32
0.99,41.29616565612841,1,32
0.8,18.402237786004036,1,33
0.85,22.703966816696607,1,33
0.9,28.538811598959512,1,33
0.95,37.1047225682093,1,33
0.975,43.691540118769126,1,33
0.99,50.65701210345003,1,33
0.8,10.638399633175368,1,34
0.85,13.073901473432358,1,34
0.9,16.329677122822147,1,34
0.95,21.08711384270589,1,34
0.975,25.047012338667514,1,34
0.99,29.172777620966286,1,34
0.8,18.227308675912695,1,35
0.85,22.560313312909216,1,35
0.9,28.049557322431554,1,35
0.95,36.28491065513896,1,35
0.975,43.17033983785166,1,35
0.99,50.139492710769616,1,35
0.8,19.26278297291219,1,36
0.85,23.816482840226627,1,36
0.9,29.692884026750846,1,36
0.95,38.164509666378876,1,36
0.975,45.27067890526803,1,36
0.99,52.62930090866479,1,36
0.8,12.026748895517784,1,37
0.85,14.828961695461572,1,37
0.9,18.453556729830467,1,37
0.95,23.81893202754935,1,37
0.975,28.151249689983445,1,37
0.99,32.90027459000609,1,37
0.8,20.75966885280735,1,38
0.85,25.681559098168293,1,38
0.9,31.912862513406196,1,38
0.95,41.238080985109605,1,38
0.975,49.11615349158842,1,38
0.99,56.97564086097452,1,38
0.8,14.906730732743966,1,39
0.85,18.38118578477264,1,39
0.9,22.883826953054438,1,39
0.95,29.432930394656637,1,39
0.975,34.941368662203104,1,39
0.99,40.87308530251187,1,39
0.8,11.27836014462963,1,40
0.85,14.022078378318128,1,40
0.9,17.440539952519742,1,40
0.95,22.51944851760311,1,40
0.975,26.75560942449016,1,40
0.99,31.01506885317383,1,40
0.8,9.991176418682443,1,41
0.85,12.394664083887164,1,41
0.9,15.426608952787035,1,41
0.95,19.943155834754663,1,41
0.975,23.623353065114884,1,41
0.99,27.651270858722114,1,41
0.8,12.68160482665661,1,42
0.85,15.735865596301153,1,42
0.9,19.58549052149155,1,42
0.95,25.22929986606175,1,42
0.975,29.98839120489592,1,42
0.99,34.63552579375849,1,42
0.8,15.67860106089364,1,43
0.85,19.341469440053004,1,43
0.9,24.21529220958297,1,43
0.95,31.030262415185632,1,43
0.975,36.772053671577225,1,43
0.99,42.63589321079928,1,43
0.8,11.53305294228852,1,44
0.85,14.393948645888543,1,44
0.9,17.921376168931744,1,44
0.95,23.104518432467103,1,44
0.975,27.660335209154056,1,44
0.99,31.968760806174146,1,44
0.8,19.826193068858117,1,45
0.85,24.68565645470693,1,45
0.9,30.707780182180784,1,45
0.95,39.51944102335921,1,45
0.975,46.805593568565826,1,45
0.99,54.70944189755522,1,45
0.8,17.434069783280336,1,46
0.85,21.40160308046501,1,46
0.9,26.74123287789115,1,46
0.95,34.468392570273636,1,46
0.975,41.03167471040331,1,46
0.99,47.79627601361983,1,46
0.8,9.736887834119443,1,47
0.85,12.159878757201568,1,47
0.9,15.139704117177132,1,47
0.95,19.539410015666277,1,47
0.975,23.233678844006448,1,47
0.99,26.934025206338106,1,47
0.8,15.700479279142542,1,48
0.85,19.439839570919162,1,48
0.9,24.379776505486973,1,48
0.95,31.27813714429027,1,48
0.975,37.17951685789711,1,48
0.99,43.242302828449624,1,48
0.8,11.40560352489183,1,49
0.85,14.116578061688216,1,49
0.9,17.763764433981407,1,49
0.95,23.032090375291403,1,49
0.975,27.208822229558166,1,49
0.99,31.519799409730012,1,49
0.8,18.131770779409464,1,50
0.85,22.6615599246648,1,50
0.9,28.235773725555134,1,50
0.95,36.240745747156836,1,50
0.975,43.17595392001476,1,50
0.99,50.2456482647429,1,50
0.8,12.003076090428294,2,1
0.85,14.881144381316489,2,1
0.9,18.536715193843122,2,1
0.95,23.94243676113024,2,1
0.975,28.24090069749502,2,1
0.99,32.87325927777667,2,1
0.8,21.074762938607307,2,2
0.85,26.316592098744877,2,2
0.9,32.6404333638165,2,2
0.95,42.52900247905512,2,2
0.975,50.520326720402636,2,2
0.99,58.570425456282976,2,2
0.8,15.78900893849908,2,3
0.85,19.652242658116336,2,3
0.9,24.491175377800857,2,3
0.95,31.51455419729359,2,3
0.975,37.665661646269086,2,3
0.99,43.56298197255677,2,3
0.8,12.08920522477348,2,4
0.85,14.860107510459812,2,4
0.9,18.565553390913124,2,4
0.95,23.966809870482592,2,4
0.975,28.190869629295577,2,4
0.99,32.959376252810216,2,4
0.8,10.947061417589566,2,5
0.85,13.506498716901831,2,5
0.9,16.797929468307956,2,5
0.95,21.754525798508325,2,5
0.975,25.71931373049955,2,5
0.99,29.93476060700968,2,5
0.8,20.466587275764994,2,6
0.85,25.119246507571404,2,6
0.9,31.274855508376504,2,6
0.95,40.66104529649323,2,6
0.975,47.88155827698421,2,6
0.99,55.86006715097699,2,6
0.8,21.129249524376064,2,7
0.85,26.410090936830557,2,7
0.9,32.772070334695286,2,7
0.95,42.59318851190443,2,7
0.975,50.62997354631318,2,7
0.99,58.8105930116684,2,7
0.8,24.499662050125607,2,8
0.85,30.291308130002562,2,8
0.9,37.87002037500167,2,8
0.95,48.63340316492963,2,8
0.975,58.322027791197115,2,8
0.99,67.46638816352595,2,8
0.8,19.543604949556823,2,9
0.85,23.81691995393527,2,9
0.9,29.77564912465516,2,9
0.95,38.389979846136896,2,9
0.975,45.497075977058216,2,9
0.99,53.25029643090943,2,9
0.8,23.662833126317082,2,10
0.85,29.13191680806017,2,10
0.9,36.26191220404144,2,10
0.95,46.76187882030058,2,10
0.975,55.12732281903163,2,10
0.99,64.41575967772894,2,10
0.8,22.55848564744599,2,11
0.85,27.545773993480566,2,11
0.9,34.396385038861126,2,11
0.95,44.506441762541726,2,11
0.975,52.729756830304495,2,11
0.99,61.423925213758935,2,11
0.8,23.09567643737887,2,12
0.85,28.77099750016407,2,12
0.9,35.92380693181849,2,12
0.95,46.35523160781611,2,12
0.975,55.1207942999506,2,12
0.99,63.957576220074316,2,12
0.8,25.030310894617514,2,13
0.85,31.03904404603668,2,13
0.9,38.57059909377813,2,13
0.95,49.97787411948559,2,13
0.975,59.06943802285139,2,13
0.99,69.51487568354776,2,13
0.8,19.983425437105495,2,14
0.85,24.913993735845793,2,14
0.9,30.88933180896578,2,14
0.95,39.86615592044069,2,14
0.975,47.640873407907804,2,14
0.99,55.4709999273922,2,14
0.8,26.212727504940744,2,15
0.85,32.536584891152415,2,15
0.9,40.52248511167045,2,15
0.95,52.47850466038449,2,15
0.975,61.6869931975657,2,15
0.99,71.67772496817281,2,15
0.8,13.156133218163916,2,16
0.85,16.233607451575836,2,16
0.9,20.20048034762641,2,16
0.95,26.16045093168401,2,16
0.975,30.936965086144056,2,16
0.99,36.10574927391346,2,16
0.8,15.17808135272378,2,17
0.85,18.92230938811508,2,17
0.9,23.559108705204437,2,17
0.95,30.444224199878192,2,17
0.975,36.14735998087724,2,17
0.99,42.22815329683215,2,17
0.8,25.696409717402616,2,18
0.85,31.68507900300733,2,18
0.9,39.45235024077692,2,18
0.95,50.75481245975823,2,18
0.975,60.64881870183763,2,18
0.99,70.1577970866067,2,18
0.8,16.58464051414751,2,19
0.85,20.390721313716313,2,19
0.9,25.398175984547322,2,19
0.95,32.86207337563246,2,19
0.975,38.99103387494307,2,19
0.99,45.218706983586515,2,19
0.8,17.875127038416792,2,20
0.85,22.244407459507613,2,20
0.9,27.669328018166482,2,20
0.95,35.91761898432202,2,20
0.975,42.51490659196469,2,20
0.99,49.333860361700886,2,20
0.8,17.437762853535162,2,21
0.85,21.53771922357771,2,21
0.9,26.92002894357671,2,21
0.95,34.433406379969995,2,21
0.975,41.066834572917855,2,21
0.99,47.667383124267985,2,21
0.8,24.06962441724272,2,22
0.85,29.681550905065592,2,22
0.9,36.95634778329736,2,22
0.95,47.95544276865451,2,22
0.975,56.651969272620704,2,22
0.99,66.0936287811611,2,22
0.8,14.302546852305511,2,23
0.85,17.864608456315665,2,23
0.9,22.398528048551384,2,23
0.95,28.96255622052655,2,23
0.975,34.34753670342974,2,23
0.99,39.77571022987013,2,23
0.8,21.955839979437883,2,24
0.85,27.03039972324791,2,24
0.9,34.157328232233795,2,24
0.95,44.079324350555,2,24
0.975,52.22178441435881,2,24
0.99,60.59601241491123,2,24
0.8,24.437689830895692,2,25
0.85,30.193060065276086,2,25
0.9,37.469091903873505,2,25
0.95,48.460345853571425,2,25
0.975,57.356146434000266,2,25
0.99,66.31393620131018,2,25
0.8,18.077160605440895,2,26
0.85,22.18925862692646,2,26
0.9,27.832479119511675,2,26
0.95,35.84368904754723,2,26
0.975,42.48789057468997,2,26
0.99,49.405497667912016,2,26
0.8,12.346650467546283,2,27
0.85,15.299650847658882,2,27
0.9,19.00683387061369,2,27
0.95,24.674843659312558,2,27
0.975,29.334196547176077,2,27
0.99,33.893808695787584,2,27
0.8,25.549987374100397,2,28
0.85,31.575993336575266,2,28
0.9,39.38495350449307,2,28
0.95,50.796615711814866,2,28
0.975,60.36909871896637,2,28
0.99,70.09177353436928,2,28
0.8,22.04958353324946,2,29
0.85,27.322814084587208,2,29
0.9,33.94990592695194,2,29
0.95,43.629703089854615,2,29
0.975,52.00752595777715,2,29
0.99,60.00038555126298,2,29
0.8,17.42954966099387,2,30
0.85,21.390821675664654,2,30
0.9,26.537760442038802,2,30
0.95,34.45729804565815,2,30
0.975,40.75659364045225,2,30
0.99,47.11061861167269,2,30
0.8,21.321562046886413,2,31
0.85,26.29421034543026,2,31
0.9,32.77470391508649,2,31
0.95,42.386691408877084,2,31
0.975,50.24813477132051,2,31
0.99,58.882986642636695,2,31
0.8,18.475959142017302,2,32
0.85,22.74049387781423,2,32
0.9,28.407432223962928,2,32
0.95,36.63714304812328,2,32
0.975,43.304078564999486,2,32
0.99,50.27501967620509,2,32
0.8,23.389586257656106,2,33
0.85,28.717262358986318,2,33
0.9,35.89595041190444,2,33
0.95,46.35891403109133,2,33
0.975,54.78546442835602,2,33
0.99,64.32074065573966,2,33
0.8,13.061359914099882,2,34
0.85,16.223745173603618,2,34
0.9,20.198622385404434,2,34
0.95,26.08723857394085,2,34
0.975,31.03968332787673,2,34
0.99,35.99573793911625,2,34
0.8,21.479251170811608,2,35
0.85,26.68117931124823,2,35
0.9,33.40432264247602,2,35
0.95,42.968465029600566,2,35
0.975,50.732731686483135,2,35
0.99,59.59386870947549,2,35
0.8,24.616308348541793,2,36
0.85,30.10494356076549,2,36
0.9,37.656801591795215,2,36
0.95,48.558586841474494,2,36
0.975,57.38277458038374,2,36
0.99,67.50197824952534,2,36
0.8,13.938399515780702,2,37
0.85,17.148004305350526,2,37
0.9,21.53481622183162,2,37
0.95,27.758855811121833,2,37
0.975,32.89310170901578,2,37
0.99,38.52254501904983,2,37
0.8,24.655232443069394,2,38
0.85,30.50843174619297,2,38
0.9,38.18334237745614,2,38
0.95,49.125664203613724,2,38
0.975,57.84863448934368,2,38
0.99,67.2297808533516,2,38
0.8,17.199020018423653,2,39
0.85,21.268055270544437,2,39
0.9,26.516889598275668,2,39
0.95,34.46945901071024,2,39
0.975,40.72490130416031,2,39
0.99,47.23375283881933,2,39
0.8,13.923477685793642,2,40
0.85,17.33444107316484,2,40
0.9,21.52807419731775,2,40
0.95,27.756625884472015,2,40
0.975,33.003357021521566,2,40
0.99,38.42405312414641,2,40
0.8,11.794391288741707,2,41
0.85,14.536068816069417,2,41
0.9,18.152638173888647,2,41
0.95,23.411964281981227,2,41
0.975,27.54626858055647,2,41
0.99,32.36844847713584,2,41
0.8,15.77605092163634,2,42
0.85,19.569001834081803,2,42
0.9,24.42268625741076,2,42
0.95,31.329853660104504,2,42
0.975,37.24476694969246,2,42
0.99,43.3095479154087,2,42
0.8,19.23201479583355,2,43
0.85,23.936347242610793,2,43
0.9,29.814187033290864,2,43
0.95,38.42118574364082,2,43
0.975,45.5656670660253,2,43
0.99,53.22417873873991,2,43
0.8,14.018484607603341,2,44
0.85,17.2345767237355,2,44
0.9,21.501190241572402,2,44
0.95,27.83800274611363,2,44
0.975,33.110075274105355,2,44
0.99,38.395459279947005,2,44
0.8,25.027281582024898,2,45
0.85,30.826986505705577,2,45
0.9,38.389492212470145,2,45
0.95,49.64180970008101,2,45
0.975,59.0282561472892,2,45
0.99,68.82747037077331,2,45
0.8,20.85724458577363,2,46
0.85,26.018574915377656,2,46
0.9,32.426925486735854,2,46
0.95,41.86952486159635,2,46
0.975,49.39352058957496,2,46
0.99,57.46470750836062,2,46
0.8,11.916254881747903,2,47
0.85,14.637228599897185,2,47
0.9,18.219681483944328,2,47
0.95,23.577000028371856,2,47
0.975,27.954591467482146,2,47
0.99,32.75370235699168,2,47
0.8,18.60732978674406,2,48
0.85,23.315924741923766,2,48
0.9,29.04251932376161,2,48
0.95,37.41440320283374,2,48
0.975,44.600114989031795,2,48
0.99,52.101595658197084,2,48
0.8,14.092851885831635,2,49
0.85,17.432354121113605,2,49
0.9,21.63391420644797,2,49
0.95,27.944597526158844,2,49
0.975,33.14469975840032,2,49
0.99,38.208574843099626,2,49
0.8,22.78053495115057,2,50
0.85,28.370856421183817,2,50
0.9,35.1918703566555,2,50
0.95,45.48545073067362,2,50
0.975,53.962547393299815,2,50
0.99,62.731636441163914,2,50
0.8,11.158193516531668,3,1
0.85,13.75388767170179,3,1
0.9,17.138078692375387,3,1
0.95,22.161689978157398,3,1
0.975,26.41555170333376,3,1
0.99,30.743319313400832,3,1
0.8,19.667917442058922,3,2
0.85,24.34802198373137,3,2
0.9,30.27768240026984,3,2
0.95,39.222361746631634,3,2
0.975,46.24512249659085,3,2
0.99,53.87809943343308,3,2
0.8,14.754851673375526,3,3
0.85,18.40512409772083,3,3
0.9,22.85072267555188,3,3
0.95,29.601691004739678,3,3
0.975,35.007626054310094,3,3
0.99,41.033432527927346,3,3
0.8,10.917922504514308,3,4
0.85,13.562906986936667,3,4
0.9,16.859391409753215,3,4
0.95,21.929497260944828,3,4
0.975,25.932812560246447,3,4
0.99,30.294178334872385,3,4
0.8,10.366584394202505,3,5
0.85,12.831382653271419,3,5
0.9,16.004219958934442,3,5
0.95,20.50475383375914,3,5
0.975,24.53553089507099,3,5
0.99,28.59829085651262,3,5
0.8,18.848162267004852,3,6
0.85,23.438117048757363,3,6
0.9,29.207114774880267,3,6
0.95,37.67731304070577,3,6
0.975,44.77251631010489,3,6
0.99,51.88990316619396,3,6
0.8,18.798973742505154,3,7
0.85,23.324229245597053,3,7
0.9,29.15015883089376,3,7
0.95,37.265562842423606,3,7
0.975,44.51602965210441,3,7
0.99,52.00378269375557,3,7
0.8,22.455196728752526,3,8
0.85,27.84287008243541,3,8
0.9,34.63083946786401,3,8
0.95,44.48292614427032,3,8
0.975,52.944818979294155,3,8
0.99,61.72060292788649,3,8
0.8,17.74609293274284,3,9
0.85,22.034788129924834,3,9
0.9,27.412753454784877,3,9
0.95,35.44377989107818,3,9
0.975,41.95719358972042,3,9
0.99,48.72208490539583,3,9
0.8,22.024793026965142,3,10
0.85,27.25657483993706,3,10
0.9,33.908149410707495,3,10
0.95,44.02570938307048,3,10
0.975,52.201343584662084,3,10
0.99,60.892349651630354,3,10
0.8,21.87457546375913,3,11
0.85,27.1134918177122,3,11
0.9,33.890568874238056,3,11
0.95,43.60438183564588,3,11
0.975,51.475100377605486,3,11
0.99,60.08466660788338,3,11
0.8,20.627326432934865,3,12
0.85,26.003074712986404,3,12
0.9,32.13928809178856,3,12
0.95,41.718580793235276,3,12
0.975,49.61958086091255,3,12
0.99,57.50652956929338,3,12
0.8,24.320126113947254,3,13
0.85,29.86154963721765,3,13
0.9,37.234215186749566,3,13
0.95,48.1258423646442,3,13
0.975,56.926011119883924,3,13
0.99,66.44537785554678,3,13
0.8,18.706869416336303,3,14
0.85,23.08264429003475,3,14
0.9,29.095341769218066,3,14
0.95,37.53953902133213,3,14
0.975,44.19302516549442,3,14
0.99,51.24577062773261,3,14
0.8,23.61115106797706,3,15
0.85,29.366665008300743,3,15
0.9,36.63281336980708,3,15
0.95,47.34474823690857,3,15
0.975,56.40515422676526,3,15
0.99,65.68679815749965,3,15
0.8,11.981117413816975,3,16
0.85,14.844725182394512,3,16
0.9,18.49105013185536,3,16
0.95,23.96943876027234,3,16
0.975,28.16824537105606,3,16
0.99,32.87127429753792,3,16
0.8,13.82265043109635,3,17
0.85,17.205635440432275,3,17
0.9,21.403847580058795,3,17
0.95,27.79090384576071,3,17
0.975,32.958663270360404,3,17
0.99,38.58423358733549,3,17
0.8,23.764779749892682,3,18
0.85,29.287694984818472,3,18
0.9,36.72962802999689,3,18
0.95,47.481419872218225,3,18
0.975,56.33668389694685,3,18
0.99,65.49348034922991,3,18
0.8,15.872764747772408,3,19
0.85,19.702177152720026,3,19
0.9,24.442096509981127,3,19
0.95,31.65399436104326,3,19
0.975,37.5784313281535,3,19
0.99,43.65291811547968,3,19
0.8,17.901090956727614,3,20
0.85,22.121801469214176,3,20
0.9,27.529289866652164,3,20
0.95,35.47481477707686,3,20
0.975,42.25822762980084,3,20
0.99,49.2084774860777,3,20
0.8,15.835360674223637,3,21
0.85,19.391794372804043,3,21
0.9,24.409936963286555,3,21
0.95,31.317947658312676,3,21
0.975,37.2323553709316,3,21
0.99,43.79427048358485,3,21
0.8,22.99682847408235,3,22
0.85,28.657817082244264,3,22
0.9,35.57451170232491,3,22
0.95,46.10830349077821,3,22
0.975,54.69993553520669,3,22
0.99,63.78661234764229,3,22
0.8,12.71757089730096,3,23
0.85,15.76042431158271,3,23
0.9,19.619708019959575,3,23
0.95,25.490360321457274,3,23
0.975,30.13491683316616,3,23
0.99,35.02783573284506,3,23
0.8,20.624901094383404,3,24
0.85,25.518286476790422,3,24
0.9,31.865541725958394,3,24
0.95,41.1992879948171,3,24
0.975,49.1373412314137,3,24
0.99,57.11949637688696,3,24
0.8,23.108385353425888,3,25
0.85,28.74304103380075,3,25
0.9,35.6463869154544,3,25
0.95,46.075964289256945,3,25
0.975,54.71794247103446,3,25
0.99,63.89212316431167,3,25
0.8,17.68184237134267,3,26
0.85,22.01992081705299,3,26
0.9,27.256601412910413,3,26
0.95,35.295320014310676,3,26
0.975,41.8846397064587,3,26
0.99,48.78113634787542,3,26
0.8,11.347175961096838,3,27
0.85,14.114948075846172,3,27
0.9,17.62295797047318,3,27
0.95,22.69555806334691,3,27
0.975,26.83954613037261,3,27
0.99,31.472408220760883,3,27
0.8,23.7734434963553,3,28
0.85,29.41513923162279,3,28
0.9,36.48360933561628,3,28
0.95,47.30648390986926,3,28
0.975,55.84826015934493,3,28
0.99,64.27412253725095,3,28
0.8,21.400512336105862,3,29
0.85,26.561956946979876,3,29
0.9,33.14960878404736,3,29
0.95,42.58038332935757,3,29
0.975,50.4255666863703,3,29
0.99,59.234378558442245,3,29
0.8,15.63068805247076,3,30
0.85,19.202195461109056,3,30
0.9,23.945191465273695,3,30
0.95,30.852368686777538,3,30
0.975,36.71631207114808,3,30
0.99,42.73009753915164,3,30
0.8,20.137591128312977,3,31
0.85,25.040821569305194,3,31
0.9,30.900568868354128,3,31
0.95,39.89295578877989,3,31
0.975,47.284075783714115,3,31
0.99,54.907352574467325,3,31
0.8,16.616145776470148,3,32
0.85,20.66204116907005,3,32
0.9,25.689135028049236,3,32
0.95,33.494049574549706,3,32
0.975,39.62215579052628,3,32
0.99,45.94658352523243,3,32
0.8,20.759531222278724,3,33
0.85,25.6122531607146,3,33
0.9,31.995866293803033,3,33
0.95,41.15461687939461,3,33
0.975,48.64598084995947,3,33
0.99,56.270314427907294,3,33
0.8,12.056992554515574,3,34
0.85,14.79941810368993,3,34
0.9,18.53509139294053,3,34
0.95,23.999488387752763,3,34
0.975,28.37330343507702,3,34
0.99,33.03664412839828,3,34
0.8,20.198068262681602,3,35
0.85,25.06029310667998,3,35
0.9,31.10781567967507,3,35
0.95,40.47751511961155,3,35
0.975,47.98206432250839,3,35
0.99,55.597966567289575,3,35
0.8,22.46188688761538,3,36
0.85,27.91387025519782,3,36
0.9,34.74435273653876,3,36
0.95,44.85664030359737,3,36
0.975,53.34547590638522,3,36
0.99,61.94293228414881,3,36
0.8,13.346114456350222,3,37
0.85,16.42668000485247,3,37
0.9,20.467828950835724,3,37
0.95,26.437092695504873,3,37
0.975,31.504767898857125,3,37
0.99,36.935256697214584,3,37
0.8,24.313912513477135,3,38
0.85,29.7702265181033,3,38
0.9,37.22991577196217,3,38
0.95,47.82047084234205,3,38
0.975,56.65756251889843,3,38
0.99,66.30595875092536,3,38
0.8,16.922556586472012,3,39
0.85,20.786514309147833,3,39
0.9,25.926101602327833,3,39
0.95,33.535702637440636,3,39
0.975,39.73160139001709,3,39
0.99,46.38800436696681,3,39
0.8,13.536488414858923,3,40
0.85,16.850757572483445,3,40
0.9,20.960071136662634,3,40
0.95,27.18735819045682,3,40
0.975,32.33765283200151,3,40
0.99,37.63335930350277,3,40
0.8,10.932443016021182,3,41
0.85,13.613162581874207,3,41
0.9,16.89441541424003,3,41
0.95,21.68387163134031,3,41
0.975,25.73609070877032,3,41
0.99,29.907510178670407,3,41
0.8,14.845391312386425,3,42
0.85,18.392680008681907,3,42
0.9,22.917230939203534,3,42
0.95,29.58676103369754,3,42
0.975,35.18823024057906,3,42
0.99,40.95867659431087,3,42
0.8,17.494970722823496,3,43
0.85,21.797155781584877,3,43
0.9,27.038671042835745,3,43
0.95,35.34080449079943,3,43
0.975,41.696680453461,3,43
0.99,48.89426363150295,3,43
0.8,13.082096399936233,3,44
0.85,16.200457474139938,3,44
0.9,20.138164529031997,3,44
0.95,26.029620830935983,3,44
0.975,30.712289968330083,3,44
0.99,35.75296292274132,3,44
0.8,22.474399964717463,3,45
0.85,27.846918057827338,3,45
0.9,34.89320295810012,3,45
0.95,45.00428283311089,3,45
0.975,53.13195628542519,3,45
0.99,61.769005349449,3,45
0.8,19.32472902536,3,46
0.85,23.919876319785203,3,46
0.9,29.733418107658565,3,46
0.95,38.45559799853032,3,46
0.975,45.449370728741144,3,46
0.99,53.04328716071325,3,46
0.8,10.904967700900954,3,47
0.85,13.561023222304925,3,47
0.9,16.930395613104082,3,47
0.95,21.852474240695784,3,47
0.975,25.754099326475682,3,47
0.99,29.89735809669145,3,47
0.8,18.088803406636828,3,48
0.85,22.503348510428964,3,48
0.9,28.042503884232758,3,48
0.95,35.87432692640084,3,48
0.975,43.03310102695281,3,48
0.99,49.93170383135174,3,48
0.8,13.545207127318974,3,49
0.85,16.89173125874143,3,49
0.9,21.14817503277723,3,49
0.95,27.107262793691405,3,49
0.975,32.144251101063986,3,49
0.99,37.574462150678755,3,49
0.8,20.57081314041261,3,50
0.85,25.311787490402992,3,50
0.9,31.630798705234668,3,50
0.95,40.75661575016409,3,50
0.975,48.45928545255913,3,50
0.99,56.44916689447268,3,50
0.8,10.827659558869072,4,1
0.85,13.380015787758822,4,1
0.9,16.736301596131,4,1
0.95,21.401784847473238,4,1
0.975,25.54293756185882,4,1
0.99,29.75796490668725,4,1
0.8,18.69557953324511,4,2
0.85,23.286473422352174,4,2
0.9,29.072459959455216,4,2
0.95,37.407905841909894,4,2
0.975,44.44913953027765,4,2
0.99,51.925647213308764,4,2
0.8,14.619782556920796,4,3
0.85,18.071593302516277,4,3
0.9,22.53307911518229,4,3
0.95,29.00729127924123,4,3
0.975,34.47458374927672,4,3
0.99,39.94445186768681,4,3
0.8,10.720970119410907,4,4
0.85,13.376260392782854,4,4
0.9,16.612272051849033,4,4
0.95,21.438327750716184,4,4
0.975,25.761938777461694,4,4
0.99,29.90220399199285,4,4
0.8,9.835647458625402,4,5
0.85,12.239078471501799,4,5
0.9,15.250211387803418,4,5
0.95,19.62442831812332,4,5
0.975,23.117844520171545,4,5
0.99,27.142718579965972,4,5
0.8,17.982695537226675,4,6
0.85,22.08005623061149,4,6
0.9,27.623548428275683,4,6
0.95,35.66055928670443,4,6
0.975,42.07069745451531,4,6
0.99,49.10348950841063,4,6
0.8,18.623431605535814,4,7
0.85,23.14921932039016,4,7
0.9,28.91156001323867,4,7
0.95,37.34384008563171,4,7
0.975,44.47945345128181,4,7
0.99,51.945221840100885,4,7
0.8,20.965916006259874,4,8
0.85,25.967238808304103,4,8
0.9,32.307168307704444,4,8
0.95,41.67524822396541,4,8
0.975,49.40597830443261,4,8
0.99,57.36849244829983,4,8
0.8,17.072669934500823,4,9
0.85,21.08538803853122,4,9
0.9,26.297041572132343,4,9
0.95,33.92869859423433,4,9
0.975,40.50352937855564,4,9
0.99,47.267470587001355,4,9
0.8,21.093231781201837,4,10
0.85,26.191972406136074,4,10
0.9,32.59275453724183,4,10
0.95,41.97809643837968,4,10
0.975,49.83338221963112,4,10
0.99,57.52961488225668,4,10
0.8,20.74282102548966,4,11
0.85,25.85927387495019,4,11
0.9,32.146665470158155,4,11
0.95,41.52896477053537,4,11
0.975,49.356509787737195,4,11
0.99,57.8658240395157,4,11
0.8,20.7527695142648,4,12
0.85,25.7829552131941,4,12
0.9,32.191318760534216,4,12
0.95,41.49371548602994,4,12
0.975,49.45144478844787,4,12
0.99,57.29478552013359,4,12
0.8,21.57707106223188,4,13
0.85,27.149963597514216,4,13
0.9,33.67955861300061,4,13
0.95,43.768584508598224,4,13
0.975,51.9908949247299,4,13
0.99,59.89169261100369,4,13
0.8,18.437397433320655,4,14
0.85,22.590298010516847,4,14
0.9,28.112616758338277,4,14
0.95,36.35700602381411,4,14
0.975,42.9543158490784,4,14
0.99,50.079708728399055,4,14
0.8,22.701718796809132,4,15
0.85,27.994769325110155,4,15
0.9,34.860717837872244,4,15
0.95,44.862771065771426,4,15
0.975,53.385715366635964,4,15
0.99,62.11065750563614,4,15
0.8,11.57717549629848,4,16
0.85,14.338677757568774,4,16
0.9,17.910094737345077,4,16
0.95,23.035169927724837,4,16
0.975,27.306966403558192,4,16
0.99,31.84627410988469,4,16
0.8,13.57726920268638,4,17
0.85,16.763825028931592,4,17
0.9,20.944661723198408,4,17
0.95,27.08472686177737,4,17
0.975,32.094724062292045,4,17
0.99,37.187671823619155,4,17
0.8,22.864572128851705,4,18
0.85,28.397810734478412,4,18
0.9,35.285255097979416,4,18
0.95,45.57456151828751,4,18
0.975,54.14855459793807,4,18
0.99,63.03003580762811,4,18
0.8,15.003748244946621,4,19
0.85,18.428661060476657,4,19
0.9,23.14266690011158,4,19
0.95,30.04425048807792,4,19
0.975,35.29738714287197,4,19
0.99,41.344666831219,4,19
0.8,16.19169129916878,4,20
0.85,20.00962477290085,4,20
0.9,24.862206478532414,4,20
0.95,32.2323144879436,4,20
0.975,38.02343061727777,4,20
0.99,44.14406110513704,4,20
0.8,15.275517670472311,4,21
0.85,19.00433367165556,4,21
0.9,23.551691591814745,4,21
0.95,30.453342908395598,4,21
0.975,35.94882320915593,4,21
0.99,42.2677653337127,4,21
0.8,21.360058282281102,4,22
0.85,26.581472150529294,4,22
0.9,33.18484226754492,4,22
0.95,42.705237970403346,4,22
0.975,50.56691132638059,4,22
0.99,58.667385468280486,4,22
0.8,12.50996744504613,4,23
0.85,15.58277599816455,4,23
0.9,19.367220712319295,4,23
0.95,25.015454091626538,4,23
0.975,29.89273210260359,4,23
0.99,34.6694627745334,4,23
0.8,19.891671645634005,4,24
0.85,24.85078719604155,4,24
0.9,30.846674342246047,4,24
0.95,39.94632111791259,4,24
0.975,47.54245238001283,4,24
0.99,54.98298841390459,4,24
0.8,21.702533985547234,4,25
0.85,26.881193280869297,4,25
0.9,33.41102464680466,4,25
0.95,43.24706965760936,4,25
0.975,50.94024691605864,4,25
0.99,59.42436456451571,4,25
0.8,15.843337358660449,4,26
0.85,19.613522287527076,4,26
0.9,24.432454565545697,4,26
0.95,31.617221081194316,4,26
0.975,37.45541695093692,4,26
0.99,43.55719596819972,4,26
0.8,10.69526705055307,4,27
0.85,13.205466437001206,4,27
0.9,16.454146515416085,4,27
0.95,21.280093938312262,4,27
0.975,25.05217837252178,4,27
0.99,29.309701223531988,4,27
0.8,23.640017181496546,4,28
0.85,29.55287134969535,4,28
0.9,36.70300856011761,4,28
0.95,47.217483840941895,4,28
0.975,56.64545321699427,4,28
0.99,65.45791477542275,4,28
0.8,21.026272595633145,4,29
0.85,26.18117326525845,4,29
0.9,32.63983359030232,4,29
0.95,42.32437453985182,4,29
0.975,50.00836872561831,4,29
0.99,58.294182152815495,4,29
0.8,15.037966026100037,4,30
0.85,18.646477022119313,4,30
0.9,23.314559499046197,4,30
0.95,29.99627038721229,4,30
0.975,35.408719591701015,4,30
0.99,41.13968130218586,4,30
0.8,17.958138192569436,4,31
0.85,22.483322880224932,4,31
0.9,27.95332579111391,4,31
0.95,36.128181306266356,4,31
0.975,43.195401012566776,4,31
0.99,49.87743282070187,4,31
0.8,16.083645409787323,4,32
0.85,19.87254041730165,4,32
0.9,24.693967191280137,4,32
0.95,32.168894413241844,4,32
0.975,37.95906641323279,4,32
0.99,44.349868423982684,4,32
0.8,20.208275876891207,4,33
0.85,24.897138309049694,4,33
0.9,31.066974261229234,4,33
0.95,39.88445825265137,4,33
0.975,47.30114033608527,4,33
0.99,55.29452399264392,4,33
0.8,12.375591097847888,4,34
0.85,15.431550024479208,4,34
0.9,19.070519839373276,4,34
0.95,24.602920879244408,4,34
0.975,29.224589481213826,4,34
0.99,34.291734427485494,4,34
0.8,19.421303944474005,4,35
0.85,24.072186559735883,4,35
0.9,29.946892626848353,4,35
0.95,38.71577960526753,4,35
0.975,46.017798345272695,4,35
0.99,53.57267663934903,4,35
0.8,22.3425177935315,4,36
0.85,27.605413399841666,4,36
0.9,34.3459372206583,4,36
0.95,44.18198522318295,4,36
0.975,52.50486994819522,4,36
0.99,61.11323720104821,4,36
0.8,12.576453263953056,4,37
0.85,15.5408864102846,4,37
0.9,19.29523074056712,4,37
0.95,25.099273794240077,4,37
0.975,29.693350818049936,4,37
0.99,34.65465275681231,4,37
0.8,21.112883523798814,4,38
0.85,26.116228878840047,4,38
0.9,32.49605783128766,4,38
0.95,42.22086389480023,4,38
0.975,49.811013966883934,4,38
0.99,58.23214896874367,4,38
0.8,15.874171016041942,4,39
0.85,19.494024228908074,4,39
0.9,24.642786876204752,4,39
0.95,31.625030460645007,4,39
0.975,37.47586093145071,4,39
0.99,44.017500551870114,4,39
0.8,12.959272886461179,4,40
0.85,16.00186465336057,4,40
0.9,19.923631951204186,4,40
0.95,25.90323518516729,4,40
0.975,30.62274006834997,4,40
0.99,35.896153613518464,4,40
0.8,10.866974709750735,4,41
0.85,13.483961306805497,4,41
0.9,16.82321973873883,4,41
0.95,21.548049241970062,4,41
0.975,25.57984396483181,4,41
0.99,29.765972845025942,4,41
0.8,14.22991551289519,4,42
0.85,17.531846106892516,4,42
0.9,21.720773625597616,4,42
0.95,28.199738301370047,4,42
0.975,33.361671216071926,4,42
0.99,38.571679135646804,4,42
0.8,17.38782488394554,4,43
0.85,21.647547152106654,4,43
0.9,27.041882408664208,4,43
0.95,34.94164590436276,4,43
0.975,41.28567920698373,4,43
0.99,47.870804911266305,4,43
0.8,12.6773535286097,4,44
0.85,15.662792107463815,4,44
0.9,19.55757547585614,4,44
0.95,25.247620760765784,4,44
0.975,30.14711421402896,4,44
0.99,35.182532287817054,4,44
0.8,22.122284144189393,4,45
0.85,27.431216673644485,4,45
0.9,34.17187859794967,4,45
0.95,44.095285599934186,4,45
0.975,52.61583902441191,4,45
0.99,61.01997386570474,4,45
0.8,18.51128422293965,4,46
0.85,23.094218310572728,4,46
0.9,28.960022214869014,4,46
0.95,37.33513581201174,4,46
0.975,44.39923852173331,4,46
0.99,51.92175635901464,4,46
0.8,10.642701917209052,4,47
0.85,13.301081477037656,4,47
0.9,16.55309666095303,4,47
0.95,21.31605168580927,4,47
0.975,25.36962151607935,4,47
0.99,29.615839104577333,4,47
0.8,16.94098801619083,4,48
0.85,21.161525736576607,4,48
0.9,26.270285853157134,4,48
0.95,34.03645588587858,4,48
0.975,40.445212792226755,4,48
0.99,46.96689940914331,4,48
0.8,12.47558394771167,4,49
0.85,15.590226115730474,4,49
0.9,19.406494455141456,4,49
0.95,24.948769628740962,4,49
0.975,29.8515454774936,4,49
0.99,34.639542870056005,4,49
0.8,19.713745867628973,4,50
0.85,24.355226125538934,4,50
0.9,30.318826451896484,4,50
0.95,39.14022854661596,4,50
0.975,46.40252997798865,4,50
0.99,53.88334006295901,4,50
0.8,9.186372775449442,5,1
0.85,11.373404547589772,5,1
0.9,14.139335477560834,5,1
0.95,18.321907911721496,5,1
0.975,21.764466832104375,5,1
0.99,25.37549489231472,5,1
0.8,14.980264820495393,5,2
0.85,18.681234533141662,5,2
0.9,23.247583913458413,5,2
0.95,30.009441408031137,5,2
0.975,35.50408405650364,5,2
0.99,41.151919206287346,5,2
0.8,11.742537504202033,5,3
0.85,14.577309473819696,5,3
0.9,18.221810968892868,5,3
0.95,23.38491778334611,5,3
0.975,27.93570609137595,5,3
0.99,32.66372003013831,5,3
0.8,9.125092649005467,5,4
0.85,11.34487978438247,5,4
0.9,14.074477899343279,5,4
0.95,18.362224908806198,5,4
0.975,21.649824551121114,5,4
0.99,25.27182741968788,5,4
0.8,8.348328377421026,5,5
0.85,10.393562132261152,5,5
0.9,12.912053376070304,5,5
0.95,16.721282447155914,5,5
0.975,19.789035984663315,5,5
0.99,23.2634746681084,5,5
0.8,15.995645523170083,5,6
0.85,19.89163631718685,5,6
0.9,24.688790512436867,5,6
0.95,32.03926236297917,5,6
0.975,37.91874574736437,5,6
0.99,44.26384934201889,5,6
0.8,15.160389354603524,5,7
0.85,18.55073817537044,5,7
0.9,23.16533348532181,5,7
0.95,30.093897678262294,5,7
0.975,35.53299103614711,5,7
0.99,41.488146345367795,5,7
0.8,18.464442708942613,5,8
0.85,22.627743203178568,5,8
0.9,28.211792166553153,5,8
0.95,36.66915855617884,5,8
0.975,43.26854945487389,5,8
0.99,50.03235097763667,5,8
0.8,14.221967639022665,5,9
0.85,17.758231790424787,5,9
0.9,22.12594058552284,5,9
0.95,28.457620237115037,5,9
0.975,33.71138488365935,5,9
0.99,39.808306751349306,5,9
0.8,16.678893116024597,5,10
0.85,20.727086805902445,5,10
0.9,25.816254749410575,5,10
0.95,33.15953324345048,5,10
0.975,39.52990438246377,5,10
0.99,46.05269674380082,5,10
0.8,17.2901295294169,5,11
0.85,21.28470416953394,5,11
0.9,26.530743388429414,5,11
0.95,34.37009175139866,5,11
0.975,41.081337379010336,5,11
0.99,47.98534998467147,5,11
0.8,16.804575120249183,5,12
0.85,20.675839926120887,5,12
0.9,25.965773060776712,5,12
0.95,33.47355706046909,5,12
0.975,39.55146515585591,5,12
0.99,45.87117798255713,5,12
0.8,18.919621730868755,5,13
0.85,23.567811680366674,5,13
0.9,29.328861618494557,5,13
0.95,38.094016581845324,5,13
0.975,45.15570313870148,5,13
0.99,52.37110576008649,5,13
0.8,15.800924664257025,5,14
0.85,19.54436663943659,5,14
0.9,24.312431473930985,5,14
0.95,31.584708794594007,5,14
0.975,37.31184874817984,5,14
0.99,43.63296016533536,5,14
0.8,19.56513202318621,5,15
0.85,24.214270883740767,5,15
0.9,30.154814826998688,5,15
0.95,38.79744369497325,5,15
0.975,46.009538621445245,5,15
0.99,53.98796792947678,5,15
0.8,9.654464655869816,5,16
0.85,12.007545425644281,5,16
0.9,14.815746609706736,5,16
0.95,19.19533015932663,5,16
0.975,22.689734433696714,5,16
0.99,26.354400004585784,5,16
0.8,11.639604379623307,5,17
0.85,14.407519025389632,5,17
0.9,17.953040518675465,5,17
0.95,23.168192224618878,5,17
0.975,27.297351152336518,5,17
0.99,31.89387640342474,5,17
0.8,18.765055768500247,5,18
0.85,23.35367252857418,5,18
0.9,29.06206582539079,5,18
0.95,37.40414669407107,5,18
0.975,44.612033921972966,5,18
0.99,51.83969618841974,5,18
0.8,12.528840571722014,5,19
0.85,15.523859206037855,5,19
0.9,19.369234154131505,5,19
0.95,25.048826824879256,5,19
0.975,29.808607742612196,5,19
0.99,34.71505557551896,5,19
0.8,13.413224735901622,5,20
0.85,16.54172925987558,5,20
0.9,20.66017228736382,5,20
0.95,26.73016456368194,5,20
0.975,31.522953650900973,5,20
0.99,36.66548396188671,5,20
0.8,12.73980902830263,5,21
0.85,15.625289172076975,5,21
0.9,19.51558799281281,5,21
0.95,25.209362286475397,5,21
0.975,29.96556411968504,5,21
0.99,34.97024224014626,5,21
0.8,18.251698875756972,5,22
0.85,22.579981995831474,5,22
0.9,28.199384745368206,5,22
0.95,36.23392640193805,5,22
0.975,42.99534323712339,5,22
0.99,49.598481537715486,5,22
0.8,10.664045934856887,5,23
0.85,13.229897177748825,5,23
0.9,16.55879747363798,5,23
0.95,21.331258323809493,5,23
0.975,25.44585239143609,5,23
0.99,29.560678081559757,5,23
0.8,16.503838657235406,5,24
0.85,20.418810597585548,5,24
0.9,25.54865546419711,5,24
0.95,33.030647165503865,5,24
0.975,38.749396386541775,5,24
0.99,44.914787414340026,5,24
0.8,18.39231874547619,5,25
0.85,22.822128602232794,5,25
0.9,28.453783544902876,5,25
0.95,36.56831189829268,5,25
0.975,43.534834916276225,5,25
0.99,50.64348200875628,5,25
0.8,13.870073077476093,5,26
0.85,17.322213801326598,5,26
0.9,21.555562757741143,5,26
0.95,27.849342654786625,5,26
0.975,33.06545611163955,5,26
0.99,38.254144930083015,5,26
0.8,9.03811596285449,5,27
0.85,11.163312643527718,5,27
0.9,13.930687431942204,5,27
0.95,18.095560124473735,5,27
0.975,21.43477335729675,5,27
0.99,24.88831081874919,5,27
0.8,18.533835701070643,5,28
0.85,23.219241249385675,5,28
0.9,28.890320445120267,5,28
0.95,37.15074708772039,5,28
0.975,44.10191154443305,5,28
0.99,51.17001343523947,5,28
0.8,16.785661337037823,5,29
0.85,20.880601178935137,5,29
0.9,26.050585923990127,5,29
0.95,33.517031049645595,5,29
0.975,39.717068621954866,5,29
0.99,46.04196105614153,5,29
0.8,12.697381723147572,5,30
0.85,15.736539296771525,5,30
0.9,19.622580911709434,5,30
0.95,25.345152582151854,5,30
0.975,30.027173110950855,5,30
0.99,34.83668497480457,5,30
0.8,15.245316157191269,5,31
0.85,18.935082007285075,5,31
0.9,23.594153506435134,5,31
0.95,30.366225368208006,5,31
0.975,36.16783502006297,5,31
0.99,42.332647222583205,5,31
0.8,13.036151877408628,5,32
0.85,16.122068420713134,5,32
0.9,20.11535324361236,5,32
0.95,26.061241054702435,5,32
0.975,30.874625662432408,5,32
0.99,36.06050149699445,5,32
0.8,17.154070329804142,5,33
0.85,21.368423493955788,5,33
0.9,26.59072854342628,5,33
0.95,34.24702233267675,5,33
0.975,40.47280104325648,5,33
0.99,47.799262672799955,5,33
0.8,9.83467827783393,5,34
0.85,12.254619580548834,5,34
0.9,15.293535339535978,5,34
0.95,19.73297489909119,5,34
0.975,23.379957951863574,5,34
0.99,27.334603257674715,5,34
0.8,16.368899992196702,5,35
0.85,20.23519943576042,5,35
0.9,25.280351384660378,5,35
0.95,32.49305257304968,5,35
0.975,38.541540943960456,5,35
0.99,44.959658770824376,5,35
0.8,18.269308103780986,5,36
0.85,22.59052577497505,5,36
0.9,28.1529113461861,5,36
0.95,36.180145042413756,5,36
0.975,43.14081958905683,5,36
0.99,50.3067956942935,5,36
0.8,10.659708405831424,5,37
0.85,13.16310540225291,5,37
0.9,16.394809380336852,5,37
0.95,21.263242457404573,5,37
0.975,25.129784638737505,5,37
0.99,29.342173009648093,5,37
0.8,18.197461379246988,5,38
0.85,22.418210585206396,5,38
0.9,27.94814934782704,5,38
0.95,36.16502755484851,5,38
0.975,42.63631336312119,5,38
0.99,49.725425260127736,5,38
0.8,13.431073034540589,5,39
0.85,16.674477609537007,5,39
0.9,20.67613244848397,5,39
0.95,26.77466385686691,5,39
0.975,31.77816885397641,5,39
0.99,37.05256739668732,5,39
0.8,10.420986622852496,5,40
0.85,12.961760443735187,5,40
0.9,16.165060504735663,5,40
0.95,20.867449736520967,5,40
0.975,24.88519915543108,5,40
0.99,28.755136617589073,5,40
0.8,9.425047584923803,5,41
0.85,11.67762012702525,5,41
0.9,14.55949859240907,5,41
0.95,18.848429981162724,5,41
0.975,22.249756885328594,5,41
0.99,26.10371116447375,5,41
0.8,11.791407428697852,5,42
0.85,14.72102953099568,5,42
0.9,18.21974828981635,5,42
0.95,23.792180171928294,5,42
0.975,28.200556905002372,5,42
0.99,32.666242484226984,5,42
0.8,14.20978230207217,5,43
0.85,17.669452664139357,5,43
0.9,21.857320758120835,5,43
0.95,28.265479874230238,5,43
0.975,33.65901989252532,5,43
0.99,38.620378440476685,5,43
0.8,10.994745153917307,5,44
0.85,13.714559098716393,5,44
0.9,17.138160144668205,5,44
0.95,22.153346969276583,5,44
0.975,26.20575399231896,5,44
0.99,30.722694271526734,5,44
0.8,18.236535422998486,5,45
0.85,22.249303395041807,5,45
0.9,27.79391057572286,5,45
0.95,35.85414874497707,5,45
0.975,42.616468296252606,5,45
0.99,49.78398889557678,5,45
0.8,15.643416407795769,5,46
0.85,19.44496507240325,5,46
0.9,24.21688358313179,5,46
0.95,31.09164905159355,5,46
0.975,37.28963697901446,5,46
0.99,43.199679308577856,5,46
0.8,9.316783564732816,5,47
0.85,11.519874830017898,5,47
0.9,14.413923671448103,5,47
0.95,18.528214929309257,5,47
0.975,22.156341107326455,5,47
0.99,25.64463955565708,5,47
0.8,14.56566586233214,5,48
0.85,17.943732853823633,5,48
0.9,22.311493609666513,5,48
0.95,28.9803449233508,5,48
0.975,34.29952038792169,5,48
0.99,39.582823899209984,5,48
0.8,10.768727467218156,5,49
0.85,13.349901280034658,5,49
0.9,16.606893916682054,5,49
0.95,21.457026073382053,5,49
0.975,25.470998749001495,5,49
0.99,29.641501685290592,5,49
0.8,16.607823965490866,5,50
0.85,20.51765815512465,5,50
0.9,25.56806944187872,5,50
0.95,33.04723492870227,5,50
0.975,38.86144944995607,5,50
0.99,45.28815558287971,5,50
0.8,9.036587337084441,6,1
0.85,11.152600446107456,6,1
0.9,13.938975946408448,6,1
0.95,17.8666154855661,6,1
0.975,21.31338621142602,6,1
0.99,24.790634113086156,6,1
0.8,15.073247973373896,6,2
0.85,18.540092793523115,6,2
0.9,23.25093605057424,6,2
0.95,30.029061604271135,6,2
0.975,35.56785961579652,6,2
0.99,41.62767815908069,6,2
0.8,12.038222994528809,6,3
0.85,15.055763964359102,6,3
0.9,18.702444703167146,6,3
0.95,24.109415606921516,6,3
0.975,28.74442806414453,6,3
0.99,33.3092365865235,6,3
0.8,9.402020214917869,6,4
0.85,11.614268515665472,6,4
0.9,14.440973798963824,6,4
0.95,18.61924274805925,6,4
0.975,22.021834323404832,6,4
0.99,25.68338280526322,6,4
0.8,8.380353408553987,6,5
0.85,10.35519423568077,6,5
0.9,12.96103482232158,6,5
0.95,16.628160618312407,6,5
0.975,19.862749385742873,6,5
0.99,23.13697884348136,6,5
0.8,15.304897417546556,6,6
0.85,18.712783385709145,6,6
0.9,23.3965119728623,6,6
0.95,30.321472611212016,6,6
0.975,35.86023522046952,6,6
0.99,41.992270296334084,6,6
0.8,15.245570599646555,6,7
0.85,18.994510953628435,6,7
0.9,23.671626661618518,6,7
0.95,30.472784449702488,6,7
0.975,36.16834110239148,6,7
0.99,42.09456608332664,6,7
0.8,18.182329826947637,6,8
0.85,22.398317819776764,6,8
0.9,28.068866225543616,6,8
0.95,36.14847291810389,6,8
0.975,43.067439523093526,6,8
0.99,50.42088836600561,6,8
0.8,14.580941352511928,6,9
0.85,18.11492380044436,6,9
0.9,22.63459224698576,6,9
0.95,29.237893387820094,6,9
0.975,34.75910351798669,6,9
0.99,40.28275750233567,6,9
0.8,16.882671800021,6,10
0.85,20.90311545124598,6,10
0.9,26.093564586763875,6,10
0.95,33.63200423597294,6,10
0.975,39.704363828766134,6,10
0.99,46.268373886349195,6,10
0.8,16.813777156578965,6,11
0.85,20.661956248858758,6,11
0.9,25.76353026069495,6,11
0.95,33.2226127690206,6,11
0.975,39.53392314755769,6,11
0.99,46.08189308034167,6,11
0.8,17.493072251818035,6,12
0.85,21.700141680566446,6,12
0.9,26.980810415504152,6,12
0.95,34.7768618067127,6,12
0.975,41.4799449302987,6,12
0.99,47.905560335826465,6,12
0.8,18.49897735167218,6,13
0.85,23.19613507458547,6,13
0.9,28.816463144895465,6,13
0.95,37.06262531533315,6,13
0.975,44.06976795634472,6,13
0.99,51.59163199838997,6,13
0.8,14.998942230308955,6,14
0.85,18.765381496727343,6,14
0.9,23.34169091922655,6,14
0.95,30.225449120164114,6,14
0.975,35.94300946859056,6,14
0.99,41.876141764093006,6,14
0.8,19.96715609580434,6,15
0.85,24.83411043193871,6,15
0.9,30.92501055166133,6,15
0.95,40.11228140908872,6,15
0.975,47.77603731143313,6,15
0.99,55.59936374910296,6,15
0.8,9.689121790226679,6,16
0.85,12.029688580087779,6,16
0.9,14.935724571670917,6,16
0.95,19.290259663942535,6,16
0.975,22.740583566314015,6,16
0.99,26.52493697656267,6,16
0.8,11.492733742357728,6,17
0.85,14.10050152928929,6,17
0.9,17.66134420480131,6,17
0.95,22.686846603541113,6,17
0.975,26.983742248648355,6,17
0.99,31.613126412899504,6,17
0.8,19.600922110929616,6,18
0.85,24.08252761254363,6,18
0.9,30.05137621795251,6,18
0.95,38.963503896518375,6,18
0.975,45.948637762000374,6,18
0.99,53.620388609227234,6,18
0.8,12.381085502990999,6,19
0.85,15.289316615021448,6,19
0.9,19.105399268344144,6,19
0.95,24.58043056824829,6,19
0.975,29.163477972878553,6,19
0.99,33.97229906341667,6,19
0.8,13.425819115103025,6,20
0.85,16.82737172734113,6,20
0.9,20.836458953566535,6,20
0.95,26.969935629267184,6,20
0.975,32.01318655270748,6,20
0.99,37.52408896364949,6,20
0.8,12.589742880660197,6,21
0.85,15.5711163017084,6,21
0.9,19.367191519283324,6,21
0.95,25.04095035794751,6,21
0.975,29.670308036438,6,21
0.99,34.4379803813076,6,21
0.8,17.6113217844603,6,22
0.85,21.93777260197936,6,22
0.9,27.401935723380916,6,22
0.95,35.03981960171791,6,22
0.975,41.960787377407826,6,22
0.99,48.6577735145334,6,22
0.8,10.485369403228532,6,23
0.85,13.068250586130432,6,23
0.9,16.350316502103254,6,23
0.95,21.079856871219675,6,23
0.975,25.087448174036922,6,23
0.99,29.151416310535865,6,23
0.8,16.300021370952663,6,24
0.85,20.40361066515794,6,24
0.9,25.286630942821432,6,24
0.95,32.59558324138868,6,24
0.975,38.65916310065512,6,24
0.99,44.94780825397561,6,24
0.8,17.901008027914543,6,25
0.85,22.36599715821734,6,25
0.9,27.753482959235612,6,25
0.95,35.839696684379476,6,25
0.975,42.578993917060075,6,25
0.99,49.8060043588917,6,25
0.8,13.670882842155152,6,26
0.85,16.99035855731188,6,26
0.9,21.159687305105706,6,26
0.95,27.28423049606704,6,26
0.975,32.44553956514545,6,26
0.99,37.599571353419435,6,26
0.8,9.371684352743742,6,27
0.85,11.565871682383062,6,27
0.9,14.514854959609607,6,27
0.95,18.587940726360884,6,27
0.975,22.14077453251943,6,27
0.99,25.79126655664483,6,27
0.8,19.300344148285262,6,28
0.85,24.010589653066177,6,28
0.9,29.75604403701459,6,28
0.95,38.46362727726097,6,28
0.975,45.58735678509464,6,28
0.99,53.466570242807165,6,28
0.8,16.790742441853638,6,29
0.85,21.048018054163663,6,29
0.9,26.081667464357906,6,29
0.95,33.6449261245499,6,29
0.975,40.196165829992935,6,29
0.99,46.725020815080484,6,29
0.8,12.489811306002423,6,30
0.85,15.597233016076103,6,30
0.9,19.450094210797857,6,30
0.95,25.100421015320705,6,30
0.975,29.92224067584189,6,30
0.99,34.494295405289535,6,30
0.8,15.609229602446305,6,31
0.85,19.3600903641464,6,31
0.9,24.020139347138297,6,31
0.95,31.09392112508192,6,31
0.975,36.954780971325874,6,31
0.99,42.756023634344615,6,31
0.8,13.516189739372749,6,32
0.85,16.773250485906004,6,32
0.9,20.915482157057028,6,32
0.95,26.855048040643254,6,32
0.975,31.808515485435095,6,32
0.99,37.39791481049366,6,32
0.8,16.61351918758487,6,33
0.85,20.75534450946583,6,33
0.9,25.800909832676496,6,33
0.95,33.35048818765159,6,33
0.975,39.91209278886038,6,33
0.99,46.15705797933259,6,33
0.8,9.751301986922982,6,34
0.85,12.154919377501145,6,34
0.9,15.137545886788956,6,34
0.95,19.431107267258625,6,34
0.975,23.269334938920423,6,34
0.99,27.039309572887277,6,34
0.8,17.01797788847398,6,35
0.85,21.06930568386798,6,35
0.9,26.295254385470002,6,35
0.95,33.987504525294185,6,35
0.975,40.22725713539535,6,35
0.99,46.78038225535994,6,35
0.8,18.63089298989297,6,36
0.85,23.05085185696811,6,36
0.9,28.67181647107668,6,36
0.95,37.10165430279642,6,36
0.975,44.13272148229174,6,36
0.99,51.22710032786665,6,36
0.8,10.467114424716698,6,37
0.85,12.92879857393018,6,37
0.9,16.10220760531277,6,37
0.95,20.855312412119616,6,37
0.975,24.61435165897649,6,37
0.99,28.478194872896466,6,37
0.8,18.026131837266746,6,38
0.85,22.19626099405889,6,38
0.9,27.594340933094713,6,38
0.95,35.7425107684158,6,38
0.975,42.22472358033616,6,38
0.99,48.54877540079855,6,38
0.8,13.328854977992336,6,39
0.85,16.297677899464503,6,39
0.9,20.37374823324018,6,39
0.95,26.42958401896655,6,39
0.975,31.183813636266763,6,39
0.99,36.191184610001756,6,39
0.8,10.893104727075553,6,40
0.85,13.493027330868813,6,40
0.9,16.790060607480513,6,40
0.95,21.717830212527957,6,40
0.975,25.75496468494177,6,40
0.99,29.995847357320883,6,40
0.8,9.145539227257373,6,41
0.85,11.458553542795883,6,41
0.9,14.308811640257545,6,41
0.95,18.537678615572133,6,41
0.975,21.775045183721616,6,41
0.99,25.425084897495637,6,41
0.8,11.830312615983104,6,42
0.85,14.683592288053006,6,42
0.9,18.257593694733714,6,42
0.95,23.6305467190804,6,42
0.975,28.102151624994065,6,42
0.99,32.70098967667249,6,42
0.8,14.242681199136882,6,43
0.85,17.460856738576865,6,43
0.9,21.806296530633006,6,43
0.95,28.251510141978315,6,43
0.975,33.31603674241023,6,43
0.99,38.929165241138094,6,43
0.8,10.62264433056879,6,44
0.85,12.989517267942205,6,44
0.9,16.161532134930894,6,44
0.95,20.957571239836454,6,44
0.975,24.80820732328459,6,44
0.99,29.13231142017571,6,44
0.8,18.078380863424968,6,45
0.85,22.30378196781362,6,45
0.9,27.892151456038505,6,45
0.95,36.060696037606704,6,45
0.975,42.63391689133903,6,45
0.99,50.173336766833245,6,45
0.8,15.641552470798388,6,46
0.85,19.449677566872822,6,46
0.9,24.330782555235203,6,46
0.95,31.255167679584986,6,46
0.975,37.32219077567771,6,46
0.99,43.25628136250515,6,46
0.8,8.919588974162906,6,47
0.85,11.081745816804002,6,47
0.9,13.877669395470505,6,47
0.95,17.85779740140711,6,47
0.975,21.294453849102382,6,47
0.99,24.731849234659904,6,47
0.8,14.438995116849043,6,48
0.85,17.997403965533948,6,48
0.9,22.353341682256456,6,48
0.95,28.820100761677253,6,48
0.975,34.0548111323981,6,48
0.99,40.154042273136184,6,48
0.8,10.05603745397778,6,49
0.85,12.512864164278255,6,49
0.9,15.513402521560124,6,49
0.95,20.176339757987563,6,49
0.975,23.799548276449883,6,49
0.99,27.829780033958542,6,49
0.8,16.43300618094588,6,50
0.85,20.36485309781193,6,50
0.9,25.373760996314957,6,50
0.95,32.825581035094785,6,50
0.975,38.472131705979336,6,50
0.99,45.1102287588817,6,50
0.8,8.482119425979903,7,1
0.85,10.64594768554845,7,1
0.9,13.219915284154354,7,1
0.95,17.117000034704375,7,1
0.975,20.415158849373768,7,1
0.99,23.65703351589916,7,1
0.8,14.349030467747696,7,2
0.85,17.826101812174272,7,2
0.9,22.165686753369698,7,2
0.95,28.604169589732976,7,2
0.975,33.94966167109544,7,2
0.99,39.5656701418273,7,2
0.8,11.610213415492325,7,3
0.85,14.462075242482854,7,3
0.9,17.994882664398006,7,3
0.95,23.31348817732632,7,3
0.975,27.666267550993467,7,3
0.99,32.12815924561977,7,3
0.8,8.467289081181988,7,4
0.85,10.513221685559515,7,4
0.9,13.087665764380105,7,4
0.95,16.843202347791475,7,4
0.975,20.051763857277322,7,4
0.99,23.2609284032319,7,4
0.8,8.00769780273609,7,5
0.85,9.862925075309946,7,5
0.9,12.280525104781063,7,5
0.95,15.860788790958352,7,5
0.975,18.746316945997236,7,5
0.99,21.77259479695077,7,5
0.8,14.440049060488064,7,6
0.85,17.779480142642768,7,6
0.9,22.1319543249206,7,6
0.95,28.707582121704974,7,6
0.975,33.76937808699503,7,6
0.99,39.108635924585116,7,6
0.8,14.493743250641899,7,7
0.85,18.00843771786265,7,7
0.9,22.52420750022651,7,7
0.95,29.069272226216412,7,7
0.975,34.49929160507514,7,7
0.99,39.89996972389304,7,7
0.8,16.943294445166373,7,8
0.85,20.908095017922165,7,8
0.9,26.076092696622652,7,8
0.95,33.58748934142386,7,8
0.975,39.650065449490455,7,8
0.99,46.034904641520654,7,8
0.8,13.617696624693451,7,9
0.85,16.70599934710009,7,9
0.9,20.974337246091437,7,9
0.95,27.164417138686332,7,9
0.975,32.29049228457728,7,9
0.99,37.47094107754185,7,9
0.8,16.47344677940788,7,10
0.85,20.293059498957007,7,10
0.9,25.340033313086224,7,10
0.95,32.909545166239525,7,10
0.975,38.973801356514855,7,10
0.99,45.34236146891317,7,10
0.8,15.927935519611822,7,11
0.85,19.710368842062394,7,11
0.9,24.597148840248906,7,11
0.95,31.822690729798296,7,11
0.975,37.716696799392764,7,11
0.99,43.85151238450004,7,11
0.8,16.116298645151858,7,12
0.85,19.943881586628436,7,12
0.9,25.009608018361064,7,12
0.95,32.18194522685195,7,12
0.975,37.99763271185577,7,12
0.99,44.16852443023447,7,12
0.8,18.167620600977557,7,13
0.85,22.538438259161126,7,13
0.9,28.09140469738196,7,13
0.95,36.04888357006536,7,13
0.975,43.01275229012754,7,13
0.99,50.176066289158484,7,13
0.8,14.74121434191801,7,14
0.85,17.998463131617086,7,14
0.9,22.450387553214796,7,14
0.95,29.136191789006887,7,14
0.975,34.49917778148205,7,14
0.99,40.12754340359919,7,14
0.8,18.36485363354103,7,15
0.85,22.695904494496688,7,15
0.9,28.182771377775623,7,15
0.95,36.55543170846806,7,15
0.975,43.39857719945098,7,15
0.99,50.258334616996365,7,15
0.8,9.252401837395581,7,16
0.85,11.465966447820975,7,16
0.9,14.284754611923006,7,16
0.95,18.428608917248113,7,16
0.975,21.82522161434504,7,16
0.99,25.39972563436676,7,16
0.8,10.489054467211162,7,17
0.85,13.15067676669429,7,17
0.9,16.357829202617154,7,17
0.95,21.14445831010852,7,17
0.975,25.02409773900044,7,17
0.99,29.151313452406498,7,17
0.8,17.69767763404718,7,18
0.85,21.8356024810991,7,18
0.9,27.159163947141224,7,18
0.95,35.31069977048048,7,18
0.975,41.66068719609808,7,18
0.99,48.98205424690872,7,18
0.8,12.168138772475658,7,19
0.85,15.03180243975288,7,19
0.9,18.725149039039394,7,19
0.95,24.186115072834895,7,19
0.975,28.587054609433068,7,19
0.99,33.34260586216732,7,19
0.8,13.086985846633524,7,20
0.85,16.167146167188378,7,20
0.9,20.239760443428764,7,20
0.95,25.826094347356673,7,20
0.975,30.76331914028063,7,20
0.99,35.77656556010871,7,20
0.8,11.77500267828475,7,21
0.85,14.695790673441934,7,21
0.9,18.219291662829363,7,21
0.95,23.594635274025023,7,21
0.975,27.898489695453975,7,21
0.99,32.49724703258619,7,21
0.8,17.345149797694148,7,22
0.85,21.58201762994065,7,22
0.9,26.94911224082807,7,22
0.95,34.98883930785968,7,22
0.975,41.45825715742865,7,22
0.99,48.40033760686862,7,22
0.8,10.293563777438678,7,23
0.85,12.778710688203844,7,23
0.9,15.955722548221829,7,23
0.95,20.730135932513136,7,23
0.975,24.61516111907632,7,23
0.99,28.636383722933417,7,23
0.8,15.058690335721906,7,24
0.85,18.92700315145572,7,24
0.9,23.341852879090425,7,24
0.95,30.24143508436481,7,24
0.975,36.04525510850732,7,24
0.99,42.20124688064891,7,24
0.8,17.25029800099503,7,25
0.85,21.340252278936475,7,25
0.9,26.65125708821381,7,25
0.95,34.37311094418169,7,25
0.975,40.723354545704126,7,25
0.99,47.73103753021155,7,25
0.8,13.47610594806494,7,26
0.85,16.710465920030572,7,26
0.9,20.887150238959123,7,26
0.95,27.062079006210894,7,26
0.975,32.00926463315167,7,26
0.99,37.15232304797175,7,26
0.8,8.962298525946522,7,27
0.85,11.045847180916937,7,27
0.9,13.799614813550008,7,27
0.95,17.82745143484162,7,27
0.975,21.137641604330057,7,27
0.99,24.410516494552056,7,27
0.8,18.6375770793436,7,28
0.85,23.191838321146633,7,28
0.9,28.873684652703048,7,28
0.95,37.197372641378024,7,28
0.975,44.085604511582744,7,28
0.99,51.3940253152208,7,28
0.8,16.152229134868435,7,29
0.85,20.040416531158428,7,29
0.9,25.004774686141843,7,29
0.95,32.271938721806805,7,29
0.975,38.453610799971045,7,29
0.99,44.61456137147326,7,29
0.8,11.92239346320622,7,30
0.85,14.705056962235375,7,30
0.9,18.328532261623337,7,30
0.95,23.486610013749214,7,30
0.975,27.887307151431855,7,30
0.99,32.54133681574399,7,30
0.8,14.4874162411501,7,31
0.85,17.980824913165662,7,31
0.9,22.412672992517543,7,31
0.95,29.052673778942648,7,31
0.975,34.381379654311075,7,31
0.99,40.02562407970677,7,31
0.8,12.48523914201266,7,32
0.85,15.457473556212022,7,32
0.9,19.25897235651354,7,32
0.95,24.87153514015253,7,32
0.975,29.50369950975505,7,32
0.99,34.48109075317407,7,32
0.8,15.770862958530472,7,33
0.85,19.614892091544277,7,33
0.9,24.426435997864075,7,33
0.95,31.466269546562728,7,33
0.975,37.387306690000685,7,33
0.99,43.448441725191685,7,33
0.8,9.460508986107882,7,34
0.85,11.680589987189464,7,34
0.9,14.5395360714938,7,34
0.95,18.787737535939684,7,34
0.975,22.366973377473997,7,34
0.99,25.987081087475858,7,34
0.8,15.214279042608212,7,35
0.85,18.934835550652053,7,35
0.9,23.541708572880736,7,35
0.95,30.518968822468082,7,35
0.975,36.282484118743014,7,35
0.99,42.35279007510394,7,35
0.8,17.014942993440002,7,36
0.85,21.114368342609907,7,36
0.9,26.257547684210692,7,36
0.95,33.928244284747564,7,36
0.975,40.07196675290305,7,36
0.99,46.81381001688902,7,36
0.8,10.036455856846189,7,37
0.85,12.52464030378654,7,37
0.9,15.540659950129069,7,37
0.95,20.199301123260838,7,37
0.975,24.027145264940074,7,37
0.99,27.98885286151848,7,37
0.8,17.533432175483085,7,38
0.85,21.8774015512451,7,38
0.9,27.171139568989418,7,38
0.95,34.90349445217788,7,38
0.975,41.77748688553845,7,38
0.99,48.75157202724591,7,38
0.8,12.554837061393698,7,39
0.85,15.726461109812192,7,39
0.9,19.468079921726,7,39
0.95,25.337325940897415,7,39
0.975,29.94391870230598,7,39
0.99,34.78259268601823,7,39
0.8,10.042817845191834,7,40
0.85,12.443640441862627,7,40
0.9,15.518447372797297,7,40
0.95,19.901651853279745,7,40
0.975,23.78301720238069,7,40
0.99,27.745943472486616,7,40
0.8,8.73245117621289,7,41
0.85,10.841740053047161,7,41
0.9,13.588459762797243,7,41
0.95,17.48055034071173,7,41
0.975,20.644379912135236,7,41
0.99,24.01373415586346,7,41
0.8,11.524294284426588,7,42
0.85,14.333963645467549,7,42
0.9,17.81104300463457,7,42
0.95,23.05456959274605,7,42
0.975,27.1725556163652,7,42
0.99,31.588686383503585,7,42
0.8,13.972029034537684,7,43
0.85,17.20664314231732,7,43
0.9,21.482147320211936,7,43
0.95,27.79431778148387,7,43
0.975,32.86954780531866,7,43
0.99,38.203706559247365,7,43
0.8,10.061737641687898,7,44
0.85,12.522345281289176,7,44
0.9,15.609230703963192,7,44
0.95,20.072177599809294,7,44
0.975,23.897968040046948,7,44
0.99,27.8665521238772,7,44
0.8,16.940358931747483,7,45
0.85,21.195112759759695,7,45
0.9,26.433582324411816,7,45
0.95,34.206769318274326,7,45
0.975,40.6739857342028,7,45
0.99,47.32046515977157,7,45
0.8,15.203421255919721,7,46
0.85,18.6521296747961,7,46
0.9,23.255939082379285,7,46
0.95,30.12935922703727,7,46
0.975,35.65296160825605,7,46
0.99,41.40658425838839,7,46
0.8,8.847493268910739,7,47
0.85,10.906127965919254,7,47
0.9,13.566107024747325,7,47
0.95,17.497928120620415,7,47
0.975,20.81520383523089,7,47
0.99,23.98533633669888,7,47
0.8,13.79835708188844,7,48
0.85,17.022889639898892,7,48
0.9,21.320669492773362,7,48
0.95,27.417965512899798,7,48
0.975,32.46873430080075,7,48
0.99,37.90895461124285,7,48
0.8,10.564599225474083,7,49
0.85,13.098304202249082,7,49
0.9,16.302665446346353,7,49
0.95,21.048996456883756,7,49
0.975,24.951820551674516,7,49
0.99,28.9650690056735,7,49
0.8,15.558610202086356,7,50
0.85,19.256222600545186,7,50
0.9,24.037729730488252,7,50
0.95,31.025308217577503,7,50
0.975,36.72428825861226,7,50
0.99,42.713918834609444,7,50
0.8,12.201183564056834,8,1
0.85,15.194672304309762,8,1
0.9,18.86510120757623,8,1
0.95,24.460592983343645,8,1
0.975,29.083662165675435,8,1
0.99,33.913375267980115,8,1
0.8,20.350751399081503,8,2
0.85,24.98671076911006,8,2
0.9,31.121404314646952,8,2
0.95,40.3867359607238,8,2
0.975,47.77207612378504,8,2
0.99,55.759714698916014,8,2
0.8,15.54266202189217,8,3
0.85,19.09878854689822,8,3
0.9,23.82802016807267,8,3
0.95,30.804331485937382,8,3
0.975,36.397426058253416,8,3
0.99,42.618817829951524,8,3
0.8,11.41428374177147,8,4
0.85,14.182942070494022,8,4
0.9,17.69993871372364,8,4
0.95,22.736024427890698,8,4
0.975,26.998748808172536,8,4
0.99,31.705776455744,8,4
0.8,10.355920594631499,8,5
0.85,12.749410631906471,8,5
0.9,15.985679545744915,8,5
0.95,20.59797338732446,8,5
0.975,24.283867053684986,8,5
0.99,28.536544896959867,8,5
0.8,20.585585159678033,8,6
0.85,25.65854686171184,8,6
0.9,31.789171197719384,8,6
0.95,41.11427291152984,8,6
0.975,48.79895238256114,8,6
0.99,56.98698091238509,8,6
0.8,20.369674439039045,8,7
0.85,25.429276667297472,8,7
0.9,31.611171750634128,8,7
0.95,40.87944172180829,8,7
0.975,48.26256636757557,8,7
0.99,55.978388634569285,8,7
0.8,22.823835807286855,8,8
0.85,28.751247834182095,8,8
0.9,35.57279407026101,8,8
0.95,46.256384286458115,8,8
0.975,54.95148021290595,8,8
0.99,63.64777016103176,8,8
0.8,18.34742125947298,8,9
0.85,22.759003012377605,8,9
0.9,28.039077595240542,8,9
0.95,36.448552823449745,8,9
0.975,42.94161445869446,8,9
0.99,49.36648704486197,8,9
0.8,22.39195396898242,8,10
0.85,27.68780096647845,8,10
0.9,34.5186906817263,8,10
0.95,44.54138463982099,8,10
0.975,52.89682566263684,8,10
0.99,61.30444977501463,8,10
0.8,22.00965559743736,8,11
0.85,27.00046832653254,8,11
0.9,33.87824903675971,8,11
0.95,43.83291535696344,8,11
0.975,52.35884818719455,8,11
0.99,60.73179966969656,8,11
0.8,22.487929945228643,8,12
0.85,27.79329271730876,8,12
0.9,34.57177393661425,8,12
0.95,44.557806448883525,8,12
0.975,52.84818169146547,8,12
0.99,61.475659639951346,8,12
0.8,24.349086537593394,8,13
0.85,30.092359425118957,8,13
0.9,37.32088058177908,8,13
0.95,48.166897900722006,8,13
0.975,57.21669195004142,8,13
0.99,66.50614049432602,8,13
0.8,20.72659955189249,8,14
0.85,25.68850827155393,8,14
0.9,31.950894447452924,8,14
0.95,41.378182147803386,8,14
0.975,48.74868845953398,8,14
0.99,56.52296009335856,8,14
0.8,24.582482074523455,8,15
0.85,30.314548423567658,8,15
0.9,37.96800404415421,8,15
0.95,49.188130836974665,8,15
0.975,58.41385770644638,8,15
0.99,67.90348164485454,8,15
0.8,12.548057453091332,8,16
0.85,15.490735531027525,8,16
0.9,19.47609588205239,8,16
0.95,25.032571139195,8,16
0.975,29.63582782240252,8,16
0.99,34.306287860683994,8,16
0.8,14.52898487594814,8,17
0.85,17.877150046891558,8,17
0.9,22.382784373705846,8,17
0.95,28.720516010292528,8,17
0.975,34.25895850699479,8,17
0.99,39.77976938901904,8,17
0.8,24.62267092869672,8,18
0.85,30.5067517071584,8,18
0.9,37.97638832617656,8,18
0.95,49.650925481596005,8,18
0.975,58.0625695856578,8,18
0.99,67.87857708246167,8,18
0.8,15.903772549616008,8,19
0.85,19.722500679749885,8,19
0.9,24.64191596285457,8,19
0.95,31.703222136871148,8,19
0.975,37.891217060005886,8,19
0.99,44.2333116515303,8,19
0.8,17.741831334159144,8,20
0.85,21.82812206869471,8,20
0.9,27.13623199515945,8,20
0.95,35.21835317884876,8,20
0.975,41.620541474684615,8,20
0.99,48.3050698285183,8,20
0.8,16.643479972171008,8,21
0.85,20.603597571660032,8,21
0.9,25.67755825979839,8,21
0.95,33.06474036748244,8,21
0.975,39.58354900550523,8,21
0.99,46.28925487558246,8,21
0.8,24.42065818342212,8,22
0.85,30.196546604364016,8,22
0.9,37.559272440086374,8,22
0.95,48.64364445115393,8,22
0.975,57.46765473094092,8,22
0.99,67.28039443475905,8,22
0.8,13.992687230792257,8,23
0.85,17.2547736243491,8,23
0.9,21.50096965632551,8,23
0.95,27.888408156033762,8,23
0.975,33.01456855505606,8,23
0.99,38.58395977444687,8,23
0.8,21.892794981366478,8,24
0.85,27.20839599300541,8,24
0.9,33.9844630350691,8,24
0.95,43.73673377117393,8,24
0.975,51.948037168214796,8,24
0.99,60.26702004224728,8,24
0.8,22.95765492454518,8,25
0.85,28.058761204978282,8,25
0.9,35.031278701952715,8,25
0.95,45.324652315631056,8,25
0.975,53.69621792771409,8,25
0.99,62.57332637052991,8,25
0.8,18.383139877331644,8,26
0.85,22.45148504898424,8,26
0.9,28.24752489024877,8,26
0.95,36.4052369742447,8,26
0.975,43.1650007484879,8,26
0.99,50.6943011703691,8,26
0.8,11.913543861806687,8,27
0.85,14.732683766700347,8,27
0.9,18.37847192569251,8,27
0.95,23.54174927370576,8,27
0.975,28.075765807031473,8,27
0.99,32.62806360039096,8,27
0.8,24.6550803078909,8,28
0.85,30.779535331042666,8,28
0.9,38.12852044138856,8,28
0.95,49.55196008141047,8,28
0.975,59.00434067512526,8,28
0.99,68.80085113483108,8,28
0.8,22.847561497996935,8,29
0.85,28.127671714977623,8,29
0.9,35.17947893835674,8,29
0.95,45.41220629205236,8,29
0.975,53.680453292556194,8,29
0.99,62.221118580488564,8,29
0.8,16.07786928837976,8,30
0.85,19.720952673939735,8,30
0.9,24.6175813767901,8,30
0.95,31.853267488250935,8,30
0.975,37.54780893810329,8,30
0.99,43.83348872230442,8,30
0.8,20.48080915376505,8,31
0.85,25.291060555224078,8,31
0.9,31.444019167072383,8,31
0.95,40.775551930116876,8,31
0.975,48.4866750521856,8,31
0.99,56.399135042650755,8,31
0.8,16.957687265775178,8,32
0.85,21.09240816838218,8,32
0.9,26.29956353292272,8,32
0.95,33.880454946097416,8,32
0.975,40.20141729364383,8,32
0.99,46.71281374078069,8,32
0.8,21.427683658669025,8,33
0.85,26.681178431503554,8,33
0.9,33.31382116745692,8,33
0.95,42.763758798109734,8,33
0.975,50.77790859570234,8,33
0.99,59.310071559298876,8,33
0.8,12.986017106264057,8,34
0.85,16.04185607183487,8,34
0.9,20.05773657705697,8,34
0.95,25.75250355700274,8,34
0.975,30.554697644210762,8,34
0.99,35.58390784772308,8,34
0.8,21.321789372756257,8,35
0.85,26.57188624900141,8,35
0.9,33.30000527716982,8,35
0.95,43.06456078423287,8,35
0.975,51.12253707185255,8,35
0.99,59.64223297701915,8,35
0.8,22.993460715207334,8,36
0.85,28.49765367220334,8,36
0.9,35.51316573453255,8,36
0.95,45.792371038668534,8,36
0.975,54.36730010402414,8,36
0.99,63.1233670331593,8,36
0.8,14.013705298674552,8,37
0.85,17.366621101459117,8,37
0.9,21.634640299218887,8,37
0.95,27.87780864538928,8,37
0.975,33.210271991672215,8,37
0.99,38.47377218193952,8,37
0.8,23.332308948900163,8,38
0.85,28.83345070614257,8,38
0.9,35.96716595717771,8,38
0.95,46.27972791926345,8,38
0.975,54.71344318214733,8,38
0.99,63.20793958746799,8,38
0.8,17.720673571268776,8,39
0.85,21.88875063005571,8,39
0.9,27.176715837893653,8,39
0.95,35.24480768386104,8,39
0.975,41.75055651755804,8,39
0.99,48.13997192961966,8,39
0.8,13.433092657931581,8,40
0.85,16.586892819218775,8,40
0.9,20.721445145454425,8,40
0.95,26.77812866813406,8,40
0.975,31.620889488975905,8,40
0.99,36.78336302490766,8,40
0.8,11.9933633564211,8,41
0.85,14.75919630803918,8,41
0.9,18.436272561711178,8,41
0.95,23.800395543884974,8,41
0.975,28.21208424212233,8,41
0.99,32.835538392273776,8,41
0.8,15.615901876076634,8,42
0.85,19.392966560887146,8,42
0.9,24.157897739359385,8,42
0.95,31.073485238860144,8,42
0.975,37.049240751802245,8,42
0.99,42.934532042010574,8,42
0.8,18.521359867772503,8,43
0.85,22.97228618272709,8,43
0.9,28.518250228812065,8,43
0.95,37.24316115389257,8,43
0.975,43.835574723842285,8,43
0.99,50.92941571295148,8,43
0.8,13.298269506066731,8,44
0.85,16.501669424795523,8,44
0.9,20.521119802725593,8,44
0.95,26.520367692940596,8,44
0.975,31.355290461878496,8,44
0.99,36.8405579165788,8,44
0.8,24.313681462968248,8,45
0.85,29.706652811993763,8,45
0.9,37.081646472762486,8,45
0.95,47.82234577184431,8,45
0.975,56.43484472299781,8,45
0.99,66.15497622805185,8,45
0.8,19.29504643788198,8,46
0.85,24.05800586955644,8,46
0.9,29.951155067756986,8,46
0.95,38.42114905280829,8,46
0.975,46.004307752175976,8,46
0.99,53.726990562411515,8,46
0.8,11.702256562065429,8,47
0.85,14.499846727380572,8,47
0.9,18.137395074132172,8,47
0.95,23.295597024769933,8,47
0.975,27.62387310617916,8,47
0.99,32.0584050459731,8,47
0.8,18.40990961852151,8,48
0.85,22.679099131223722,8,48
0.9,28.290823472048373,8,48
0.95,36.513534721797384,8,48
0.975,43.17454873759385,8,48
0.99,50.60487073359866,8,48
0.8,13.825271071416267,8,49
0.85,17.068211950915185,8,49
0.9,21.34145461735011,8,49
0.95,27.483831442938623,8,49
0.975,32.59291716715251,8,49
0.99,37.91674194822477,8,49
0.8,21.656354013199348,8,50
0.85,26.821152829427888,8,50
0.9,33.33389034432588,8,50
0.95,42.98037811520561,8,50
0.975,50.84411848585904,8,50
0.99,59.03780716875559,8,50
0.8,10.699319675898494,9,1
0.85,13.357342412037923,9,1
0.9,16.617419467002293,9,1
0.95,21.500468712060638,9,1
0.975,25.489328210646164,9,1
0.99,29.818178331599512,9,1
0.8,19.13433553097144,9,2
0.85,23.61488163485592,9,2
0.9,29.444313124525422,9,2
0.95,37.86510372575623,9,2
0.975,45.04573142875881,9,2
0.99,52.15317538808807,9,2
0.8,14.229329687693166,9,3
0.85,17.68166342487723,9,3
0.9,22.146317039529947,9,3
0.95,28.496671131046185,9,3
0.975,33.95133896039499,9,3
0.99,39.58571622506315,9,3
0.8,11.246611803807724,9,4
0.85,13.80621624193168,9,4
0.9,17.268457644255903,9,4
0.95,22.26885751403202,9,4
0.975,26.19561459607982,9,4
0.99,30.691363032302093,9,4
0.8,9.976601316274667,9,5
0.85,12.359870322898132,9,5
0.9,15.515805066538888,9,5
0.95,19.92689856927322,9,5
0.975,23.45241491055816,9,5
0.99,27.4980499185952,9,5
0.8,18.511395395994953,9,6
0.85,23.0676442601669,9,6
0.9,28.550494827973353,9,6
0.95,36.96610459494059,9,6
0.975,43.99862010404729,9,6
0.99,51.346100667012706,9,6
0.8,18.11105335112211,9,7
0.85,22.466351166423124,9,7
0.9,27.95908689295169,9,7
0.95,35.85296378551561,9,7
0.975,42.9006245832212,9,7
0.99,49.911473142718876,9,7
0.8,21.88382896520642,9,8
0.85,27.18132491842738,9,8
0.9,33.89807099751437,9,8
0.95,43.40397442933801,9,8
0.975,51.9750957175217,9,8
0.99,60.2205682832942,9,8
0.8,17.022622577006928,9,9
0.85,20.99425955441575,9,9
0.9,26.16672074317364,9,9
0.95,33.94336399041521,9,9
0.975,39.81195793239863,9,9
0.99,46.169692525725964,9,9
0.8,20.6114136120284,9,10
0.85,25.49661513994164,9,10
0.9,31.817237381617474,9,10
0.95,41.047534506640886,9,10
0.975,48.34671080784062,9,10
0.99,55.95436480836281,9,10
0.8,19.623268404887142,9,11
0.85,24.238591305317527,9,11
0.9,30.339417185635057,9,11
0.95,39.36824800842811,9,11
0.975,46.42961815745082,9,11
0.99,54.364500967156346,9,11
0.8,20.75835311432536,9,12
0.85,25.674103703421565,9,12
0.9,31.877002844834237,9,12
0.95,41.65580514139941,9,12
0.975,49.13051428484289,9,12
0.99,57.227387915451914,9,12
0.8,21.80779641397544,9,13
0.85,27.266360837261004,9,13
0.9,33.85589039340891,9,13
0.95,43.60177677711579,9,13
0.975,51.83799487306851,9,13
0.99,60.65533572137565,9,13
0.8,18.77733405034769,9,14
0.85,23.340156127666603,9,14
0.9,28.99911580649257,9,14
0.95,37.25226528117361,9,14
0.975,44.18387811868831,9,14
0.99,51.39952639541826,9,14
0.8,23.396668968596714,9,15
0.85,29.09102444651728,9,15
0.9,36.21874621892891,9,15
0.95,46.92446761907854,9,15
0.975,55.54203371787298,9,15
0.99,64.49304247955638,9,15
0.8,11.328859852769426,9,16
0.85,13.916057245969427,9,16
0.9,17.449217780375164,9,16
0.95,22.499817918010876,9,16
0.975,26.601845042424827,9,16
0.99,30.921418421987426,9,16
0.8,13.541654447309526,9,17
0.85,16.743775122169183,9,17
0.9,20.86872754599824,9,17
0.95,26.90698039156362,9,17
0.975,32.062722715449524,9,17
0.99,37.34052871033654,9,17
0.8,23.89603172528689,9,18
0.85,29.68745466434973,9,18
0.9,36.95334516147557,9,18
0.95,47.83349893707293,9,18
0.975,56.871339389075274,9,18
0.99,66.45332745920871,9,18
0.8,15.288186739028902,9,19
0.85,18.7626759374283,9,19
0.9,23.33881828590114,9,19
0.95,30.00764633736941,9,19
0.975,35.76352608419103,9,19
0.99,41.423391484062336,9,19
0.8,16.134298318241065,9,20
0.85,19.73676596208327,9,20
0.9,24.697106988367864,9,20
0.95,31.950780691340356,9,20
0.975,37.87142400591438,9,20
0.99,43.90493421857144,9,20
0.8,14.544713033946778,9,21
0.85,17.972582587183297,9,21
0.9,22.436560481765582,9,21
0.95,29.100256089340633,9,21
0.975,34.40270372055784,9,21
0.99,40.03880561224781,9,21
0.8,21.970713164157814,9,22
0.85,27.003495098073813,9,22
0.9,33.77070491978952,9,22
0.95,43.605746698329995,9,22
0.975,51.63254625024683,9,22
0.99,60.41132637822682,9,22
0.8,12.102559721782,9,23
0.85,15.141860300304671,9,23
0.9,18.80915146761319,9,23
0.95,24.218780933821762,9,23
0.975,28.856276409346265,9,23
0.99,33.55497510306955,9,23
0.8,19.361148161009112,9,24
0.85,24.0906569068988,9,24
0.9,29.943000697032062,9,24
0.95,38.73401802908626,9,24
0.975,45.97655082862792,9,24
0.99,53.80364062906074,9,24
0.8,22.970460529913566,9,25
0.85,28.58902171550062,9,25
0.9,35.53518991846158,9,25
0.95,45.78972155071597,9,25
0.975,54.7600608912677,9,25
0.99,63.50833856885106,9,25
0.8,15.978698882236301,9,26
0.85,19.800378615987768,9,26
0.9,24.717070210431302,9,26
0.95,31.978776678824488,9,26
0.975,37.854724276023546,9,26
0.99,44.521432347371444,9,26
0.8,10.792754393094782,9,27
0.85,13.296196532703988,9,27
0.9,16.594700196966556,9,27
0.95,21.416618411723192,9,27
0.975,25.3923962137346,9,27
0.99,29.514447840645886,9,27
0.8,23.500213762439103,9,28
0.85,28.91595074027373,9,28
0.9,35.919365877244786,9,28
0.95,46.53445507383219,9,28
0.975,55.003529681761506,9,28
0.99,63.90505374101906,9,28
0.8,20.611767244767748,9,29
0.85,25.528780281370643,9,29
0.9,31.860855667989426,9,29
0.95,41.066264735109314,9,29
0.975,48.586557368504884,9,29
0.99,56.745415388864046,9,29
0.8,15.552716510139248,9,30
0.85,19.18819496201894,9,30
0.9,23.98717870344376,9,30
0.95,30.952535368216672,9,30
0.975,36.41286107041822,9,30
0.99,43.01718496155581,9,30
0.8,18.155365047384635,9,31
0.85,22.57288307941542,9,31
0.9,28.2033907348748,9,31
0.95,36.42610139411852,9,31
0.975,43.11565667601741,9,31
0.99,50.70805736742574,9,31
0.8,15.840081470987286,9,32
0.85,19.68385926262465,9,32
0.9,24.39433051780196,9,32
0.95,31.568101230244395,9,32
0.975,37.5279794427197,9,32
0.99,43.744637766737526,9,32
0.8,19.47156108254336,9,33
0.85,24.21742265602319,9,33
0.9,30.149753954863286,9,33
0.95,39.12650875637081,9,33
0.975,46.267897271506286,9,33
0.99,53.98884583724714,9,33
0.8,11.766553065780329,9,34
0.85,14.520617972151626,9,34
0.9,18.02759933200204,9,34
0.95,23.431261743979746,9,34
0.975,27.580219134852484,9,34
0.99,31.978477575322387,9,34
0.8,19.08097827340987,9,35
0.85,23.724651370126026,9,35
0.9,29.509460264441657,9,35
0.95,37.9805121681415,9,35
0.975,45.18323634101671,9,35
0.99,52.61215833465968,9,35
0.8,21.042191240224042,9,36
0.85,26.054909150984713,9,36
0.9,32.4132158169557,9,36
0.95,41.99538355193215,9,36
0.975,49.88925004581699,9,36
0.99,57.934275453047576,9,36
0.8,12.227949806080716,9,37
0.85,15.38469632961386,9,37
0.9,19.091089132158118,9,37
0.95,24.73184025815894,9,37
0.975,29.34285551198164,9,37
0.99,34.039567524943635,9,37
0.8,22.271256837369606,9,38
0.85,27.714386818298408,9,38
0.9,34.44229240132711,9,38
0.95,44.62692645753032,9,38
0.975,52.78841021023982,9,38
0.99,61.23878643691228,9,38
0.8,15.788482273172463,9,39
0.85,19.342047598617626,9,39
0.9,24.304848648580844,9,39
0.95,31.408155096326425,9,39
0.975,37.25302299178321,9,39
0.99,43.41220510039324,9,39
0.8,12.526725794537498,9,40
0.85,15.491790958488735,9,40
0.9,19.30642491225521,9,40
0.95,24.936669833961247,9,40
0.975,29.4838189672883,9,40
0.99,33.9689839076332,9,40
0.8,11.039429482243918,9,41
0.85,13.798956872625496,9,41
0.9,17.156687612698704,9,41
0.95,22.104833644736146,9,41
0.975,26.296136819365017,9,41
0.99,30.71499627837636,9,41
0.8,14.596931994950836,9,42
0.85,18.115736001349205,9,42
0.9,22.499976722474713,9,42
0.95,29.0226657133243,9,42
0.975,34.39390719810879,9,42
0.99,40.19560017451917,9,42
0.8,16.949978086653914,9,43
0.85,20.81712952776394,9,43
0.9,26.20570322330383,9,43
0.95,33.65208057522875,9,43
0.975,39.64774101829738,9,43
0.99,46.078324631961664,9,43
0.8,12.742650481990978,9,44
0.85,15.805587535157173,9,44
0.9,19.76548340560211,9,44
0.95,25.32841123514322,9,44
0.975,30.228434384070994,9,44
0.99,35.07917404519324,9,44
0.8,22.46776535668937,9,45
0.85,27.90060154908599,9,45
0.9,34.891772003916344,9,45
0.95,44.83043713161828,9,45
0.975,53.555170642443045,9,45
0.99,62.3359473662332,9,45
0.8,18.885900677565644,9,46
0.85,23.249884446994542,9,46
0.9,28.945008705921282,9,46
0.95,37.54285575276867,9,46
0.975,44.43227210350909,9,46
0.99,51.36138477959287,9,46
0.8,11.035762871314944,9,47
0.85,13.576190803465835,9,47
0.9,16.918464444948853,9,47
0.95,21.899841820184747,9,47
0.975,25.836857589909897,9,47
0.99,30.075551504180396,9,47
0.8,17.116588205155324,9,48
0.85,21.408386474087138,9,48
0.9,26.539592338353827,9,48
0.95,34.40604316662183,9,48
0.975,40.732816007031886,9,48
0.99,47.420775670046794,9,48
0.8,12.766345088012088,9,49
0.85,15.661514552355612,9,49
0.9,19.564369471747625,9,49
0.95,25.259623033065225,9,49
0.975,29.967481063377335,9,49
0.99,34.79971592462584,9,49
0.8,19.182659140702867,9,50
0.85,23.90929919692411,9,50
0.9,29.720407030837578,9,50
0.95,38.55750967548664,9,50
0.975,45.136809933078496,9,50
0.99,52.474864406435415,9,50
0.8,11.307551917793234,10,1
0.85,13.99630054863178,10,1
0.9,17.423848544371737,10,1
0.95,22.49468303552112,10,1
0.975,26.61833168569669,10,1
0.99,30.96046154111866,10,1
0.8,18.801805438562212,10,2
0.85,23.32699492817136,10,2
0.9,29.07608249891041,10,2
0.95,37.51485182770392,10,2
0.975,44.50230579356429,10,2
0.99,51.56141970820414,10,2
0.8,15.354307508840947,10,3
0.85,18.995375971453967,10,3
0.9,23.525651545932845,10,3
0.95,30.802746048168302,10,3
0.975,36.2767577182905,10,3
0.99,42.127610931612736,10,3
0.8,11.382193906720204,10,4
0.85,14.169835052183458,10,4
0.9,17.676653582172406,10,4
0.95,22.94128635059272,10,4
0.975,27.17822569469905,10,4
0.99,31.52381409007637,10,4
0.8,9.898616713540761,10,5
0.85,12.350074603431565,10,5
0.9,15.374462785227635,10,5
0.95,19.921926391557676,10,5
0.975,23.459136652684506,10,5
0.99,27.223073961318036,10,5
0.8,18.52972422003785,10,6
0.85,22.866777390258733,10,6
0.9,28.68638154838135,10,6
0.95,36.86691680814755,10,6
0.975,43.53876520511835,10,6
0.99,50.75239301720114,10,6
0.8,18.45560794990206,10,7
0.85,22.947775630047715,10,7
0.9,28.60399035600267,10,7
0.95,36.81728067911803,10,7
0.975,43.68454470787117,10,7
0.99,51.17155013510586,10,7
0.8,21.904557065472886,10,8
0.85,27.301339480629508,10,8
0.9,34.05393839350529,10,8
0.95,43.62747857566046,10,8
0.975,51.979318412472594,10,8
0.99,60.5851760834596,10,8
0.8,17.593448694806227,10,9
0.85,21.720583326708777,10,9
0.9,27.23786302692207,10,9
0.95,35.055129263412994,10,9
0.975,41.400486481538394,10,9
0.99,47.82071325956025,10,9
0.8,21.63520979902256,10,10
0.85,26.84481699893314,10,10
0.9,33.954174199064084,10,10
0.95,43.71649265241405,10,10
0.975,51.234368910183264,10,10
0.99,59.98147218689036,10,10
0.8,20.73934821425229,10,11
0.85,25.942130163037803,10,11
0.9,32.26486970788818,10,11
0.95,41.54925522364596,10,11
0.975,49.25507835295804,10,11
0.99,57.836244151903486,10,11
0.8,21.15832469042823,10,12
0.85,26.482385767221274,10,12
0.9,32.84854084645531,10,12
0.95,42.586860141684554,10,12
0.975,50.77448267166443,10,12
0.99,58.64655552310347,10,12
0.8,23.488221158916303,10,13
0.85,28.730286478956828,10,13
0.9,35.893020285619514,10,13
0.95,46.645452933862316,10,13
0.975,54.826095021257856,10,13
0.99,64.34579392117166,10,13
0.8,20.13329855030969,10,14
0.85,24.935223370635413,10,14
0.9,31.048434293466414,10,14
0.95,39.753274542892996,10,14
0.975,47.347292035728,10,14
0.99,54.97189338040823,10,14
0.8,24.263066261451968,10,15
0.85,29.97503098657762,10,15
0.9,37.51611116724814,10,15
0.95,48.19012123229743,10,15
0.975,57.2346797131778,10,15
0.99,66.69438351713609,10,15
0.8,11.981983838525338,10,16
0.85,14.871689199127928,10,16
0.9,18.56290228456419,10,16
0.95,23.992242319858008,10,16
0.975,28.407789293799908,10,16
0.99,33.12891189128541,10,16
0.8,14.4059775403436,10,17
0.85,17.739056745069462,10,17
0.9,22.209605914725927,10,17
0.95,28.599574718611052,10,17
0.975,33.69834398715278,10,17
0.99,39.22338790211552,10,17
0.8,23.200903371807954,10,18
0.85,28.656823912820983,10,18
0.9,35.683260666016736,10,18
0.95,46.219262588212246,10,18
0.975,54.51290979775331,10,18
0.99,63.4764088274236,10,18
0.8,16.187518378020854,10,19
0.85,20.006654760091408,10,19
0.9,25.00100115434543,10,19
0.95,32.256409262639295,10,19
0.975,38.41315621134589,10,19
0.99,44.34210428639369,10,19
0.8,16.794800234924253,10,20
0.85,20.917202535481238,10,20
0.9,26.003805067453925,10,20
0.95,33.823505575943216,10,20
0.975,40.15418507412028,10,20
0.99,46.505086905835014,10,20
0.8,15.459465880850473,10,21
0.85,19.359778780336512,10,21
0.9,23.97941428189,10,21
0.95,31.072750615802306,10,21
0.975,36.95424608090093,10,21
0.99,43.10869596044131,10,21
0.8,23.649942041296185,10,22
0.85,29.18368328113513,10,22
0.9,36.260232837779995,10,22
0.95,47.03736950721634,10,22
0.975,55.66499998624613,10,22
0.99,64.78902234801569,10,22
0.8,13.339733447893423,10,23
0.85,16.57485302183383,10,23
0.9,20.695030457993255,10,23
0.95,26.60424452218237,10,23
0.975,31.551161807583526,10,23
0.99,36.78690004945423,10,23
0.8,20.85143733452992,10,24
0.85,25.847829156319847,10,24
0.9,32.13043381018531,10,24
0.95,41.54290985296143,10,24
0.975,49.24154985517737,10,24
0.99,57.07801034602528,10,24
0.8,23.34248474609501,10,25
0.85,28.7185652041843,10,25
0.9,35.83097171904387,10,25
0.95,46.22327063690261,10,25
0.975,54.40125614744795,10,25
0.99,62.9406562461661,10,25
0.8,16.941220946757483,10,26
0.85,20.962135407337882,10,26
0.9,26.133792188550444,10,26
0.95,33.754655728920454,10,26
0.975,40.172687930526195,10,26
0.99,46.64155535388625,10,26
0.8,10.869500893079959,10,27
0.85,13.571682121018057,10,27
0.9,16.897717955873418,10,27
0.95,21.838612585394685,10,27
0.975,26.116452756100045,10,27
0.99,30.166295193864755,10,27
0.8,24.46702293738008,10,28
0.85,30.07839950772029,10,28
0.9,37.61832356918217,10,28
0.95,48.66825990964253,10,28
0.975,57.85968409241502,10,28
0.99,67.44248531635253,10,28
0.8,19.892600370492346,10,29
0.85,24.536973702782348,10,29
0.9,30.60022619072555,10,29
0.95,39.46269546639479,10,29
0.975,46.943105689420975,10,29
0.99,54.97422004406582,10,29
0.8,15.496622340403064,10,30
0.85,19.269512447130012,10,30
0.9,23.951323989323328,10,30
0.95,30.90922068982917,10,30
0.975,36.89393277732631,10,30
0.99,43.28768895685545,10,30
0.8,19.27429749661769,10,31
0.85,23.695898713666736,10,31
0.9,29.66837275456635,10,31
0.95,38.37132413296359,10,31
0.975,45.460737272529286,10,31
0.99,53.17445131213441,10,31
0.8,16.59087614593375,10,32
0.85,20.808147174934447,10,32
0.9,25.758603210053025,10,32
0.95,33.49352253299685,10,32
0.975,40.02625082156038,10,32
0.99,46.6420737518975,10,32
0.8,21.41974493062355,10,33
0.85,26.61825924569564,10,33
0.9,32.94832064899356,10,33
0.95,42.796770006705174,10,33
0.975,50.690233636534,10,33
0.99,58.6036832457354,10,33
0.8,12.489022086176902,10,34
0.85,15.504864414845429,10,34
0.9,19.288184564534816,10,34
0.95,24.913157619131795,10,34
0.975,29.56169291954319,10,34
0.99,34.35587643443333,10,34
0.8,19.99993669569369,10,35
0.85,24.984066486833058,10,35
0.9,31.04342129165127,10,35
0.95,39.87909635625425,10,35
0.975,47.63230673653453,10,35
0.99,55.42299537534558,10,35
0.8,22.28823718978117,10,36
0.85,27.773988948581632,10,36
0.9,34.511175207546216,10,36
0.95,44.61809418289181,10,36
0.975,53.085256953847534,10,36
0.99,61.44368389511931,10,36
0.8,13.024275661726193,10,37
0.85,16.122849265708737,10,37
0.9,20.15174602557869,10,37
0.95,26.069693214327543,10,37
0.975,30.822149697502738,10,37
0.99,35.96635881654959,10,37
0.8,23.560886827665513,10,38
0.85,29.229131062707893,10,38
0.9,36.223384958041834,10,38
0.95,46.84005119708843,10,38
0.975,55.58302514068123,10,38
0.99,64.42688748873297,10,38
0.8,16.282000019230566,10,39
0.85,20.264975460841242,10,39
0.9,25.209627845466855,10,39
0.95,32.46994119684706,10,39
0.975,38.563180344977354,10,39
0.99,44.814270448447644,10,39
0.8,13.12137359196251,10,40
0.85,16.442237802395454,10,40
0.9,20.490370647108563,10,40
0.95,26.51366075168184,10,40
0.975,31.616198441717955,10,40
0.99,36.38777325626688,10,40
0.8,11.352051760404578,10,41
0.85,13.896839734547456,10,41
0.9,17.269077012888346,10,41
0.95,22.43008259169028,10,41
0.975,26.639577851606447,10,41
0.99,30.996186916825394,10,41
0.8,14.439967202595568,10,42
0.85,18.032063427571558,10,42
0.9,22.51431377290001,10,42
0.95,29.02322445220713,10,42
0.975,34.50059972778442,10,42
0.99,39.95034142101812,10,42
0.8,17.683694715121646,10,43
0.85,21.724126125527334,10,43
0.9,26.980903696349174,10,43
0.95,34.93706913524511,10,43
0.975,41.2436477523126,10,43
0.99,48.000307904013255,10,43
0.8,12.568778999313082,10,44
0.85,15.386028944564544,10,44
0.9,19.253859935672693,10,44
0.95,24.861272489618074,10,44
0.975,29.53411420155635,10,44
0.99,34.36345591227584,10,44
0.8,23.263200276639736,10,45
0.85,28.954137993490804,10,45
0.9,36.02345143045466,10,45
0.95,46.30585124334743,10,45
0.975,55.2438270545922,10,45
0.99,64.65406369124389,10,45
0.8,19.224016332937254,10,46
0.85,24.11646201281951,10,46
0.9,29.970076249388057,10,46
0.95,38.740436743909356,10,46
0.975,45.95179487337481,10,46
0.99,53.13927338991766,10,46
0.8,11.180337645666128,10,47
0.85,13.80426312531273,10,47
0.9,17.350797059986405,10,47
0.95,22.2364529713727,10,47
0.975,26.301318751250903,10,47
0.99,30.532042533550054,10,47
0.8,17.648833646752735,10,48
0.85,21.839693763019056,10,48
0.9,27.23803626181416,10,48
0.95,35.00921981301826,10,48
0.975,41.75801496398503,10,48
0.99,48.46342021445065,10,48
0.8,12.987045655711057,10,49
0.85,16.14250221936311,10,49
0.9,20.068505376930887,10,49
0.95,25.88258022706384,10,49
0.975,30.85727436158794,10,49
0.99,35.919665649885076,10,49
0.8,20.205609632307358,10,50
0.85,25.234270508506597,10,50
0.9,31.348044040236516,10,50
0.95,40.49969273301144,10,50
0.975,47.854086117981865,10,50
0.99,55.46657207806567,10,50
